,Feature,unique_counts,unique_values,na_percent,Description
2,loan_amnt,806,"[ 2750  6000  3000  5100 20000 18000 15000  4000 10000  5600 25000 28000
  3050 19750 19100  1000 13000  8500  2400  7000 35000 10500 16000  5000
  9500  5800  3300  5375  6900  2500 21000  2925 12000 10400  7500 25600
  8000  3500  5400  6250 24000  6300  4500  7200  9000  7750  1400  9600
  2000 14000  3250 16800 11000  3325 10750  5825  9450  4450  6500 11200
 11500 14125  8250 11600  6400  2775 13450 12500  5900  1800  3600  4375
 17000 12600 13600  5750 22750 15800  6950 13400 13750  7925  2800  5700
 12800  3800 13500   500 30000  1600 14900 15250  4800 34475  6600 17500
  7600  7400  4200 10100  9250 10200  2900  5500 25975  9900  8800 10375
  5125 19075 10625  1950 12950 24250 18500 22000 17175 15500  6800 27000
  4400  1450 21625 19000 25450  1700  9100  3375  5200  1925  7300  9150
 14400  5550  8400 16500 15450 16200 10875  2600 18200  1675  5575  6700
 13800  7100 11525  6375  2100  3825 22400 15550  1500  3650 23000 12375
 20500  4600  1200 28625  9800  3200  3700 21250  4125 32000 10800  9325
 12525  7850  9975 18400 16750 14500  5300 10775  8100 12200  8125 17875
 24500 13975  3525 20950 14800 19600  3900 26000 31200  2700 32775  4900
  6625 15875 11850  4750 13200  8900  5875 13425  7350  7800 18250 20675
 20400  5850  2200 13050 11400  7950 19400 14700 22500 10025 18975 32250
  2250 10175  8600  8225  8950 21600 13250  6575 28200 10550  4425 13225
 18300 16400  7875 17400 25475  2050 17100  6825  6925  6075  4525  3150
 26500  2850  2325 11325 18750  9200  4850 15200 17850  9700 12350 21725
 11750 15350  6225  6725 21850 19500 14750  3275 12250 12650 10250  8575
  1525  3025 10950  9475  2150 25875 17600 15075  8300 11250 28800  5650
  6125 18800  1850  7250 11125  1300  3400  8325 13300  8375 15750 11075
  6150 14550  6100 29100  7125 29000  4350  6200 21500 14825  4650  1750
 16600 16050 15600 29375 26375 33250 31825 29700 14625 23675  8725  9125
 11225  9825  3075  1875  8875  9875  3975  3850 13475 23500 12625  5450
 12875 15700  5975  1775  4325  7275  2425 14650  1425 18600 12400 13650
 17200  9400 14225 22200  5025  9750 16550 31000  5075  4225 12300  1900
  8700 14200 14950  9550 19125 29500  7550  4575  2300  2575 16725 19200
  2375 18225  7725  7900 10600  2650  8650 11050 32500  4250 14775 31300
  5275  5675  8450  4475 15850  3625 11625 22475 23200  5325 29175  8050
  7425 12325 11700 22250 13725  4700 12150 16700  6850  7700 30225  8750
 15900  8975 27300  2450 27050 12900  9925  3125  5250  5050  4100 34200
 11875  8075 16425 14075 25375 30750 18825 17625  6550 12100 28100  4950
 33425 10825 14850 19800 22575  4725  1250 21575  8775 11100 13900 33600
 34675 19275  6350 13700  9650  4775 23600 13075  2875  4975  6525 29800
 10225 23750 14600 21300 22800 19850 10675 12450  6425  3350 13150 28500
  3175  8675  4550  3875 14100 16250  6650 10050 14675  8825  5425  9175
 10475 17325  3450  9300 13575 15825 12075  8550 17050 10975  7650 26250
  6325  6450 27200  2550 27525  9050 14250 29275 23325 16225 10925 17725
 12175  8150 11800  5150 14300 27575  9575  3100 23050  8200  8525  6275
 29600 14575  7375 17800  4050 10525  1075 16450 11775  7150  9350  5625
  8475 21200 16675  4150  4625 20200 10300 15175 28250 33950 20600 33500
 20375 26400  5175 23400 26850  9950 17975 17750 20800  1275 16950  3550
 19950  1100  9525 21650 22600  8850 12025 13125 21125  5350  1050  2275
  7775  6775 12725  3750 19425 32275  5775 11900 27600 10725 11425 12925
  3950  7975 15975  7575 24925 13275 24100 18550 18650 25500 34800 23975
 32400  9275 13100  2525 30800 30100  2225  6675 13350 13550 25200 19650
 10075  5950 23800 19700 31400  9775 13175  5525  7075 24800  4025 22900
  6475 15275 13625 24575 11300 19250 10575 12475  7475 17450 18575 30600
 12850 10850  2950 16100 12750 11025 11575 12675 24150 11975 18275  8175
 15575  9850  4300 26800 18050 13325  9225 15625 25400 11350 27250  1350
  7450  2350 34000 23700 16775   950 27500 12700 15125 10325  7175 22950
 23850 21350 22550 17425  1375 31025  8025  9425 24975 12550  3725 23475
 14975  1825 11375 15650 15150  7050 28750  4275  6025 21400  7675 15425
 11675  2825 24650 17475 15400 10900 10650 14275 17250 20250  4075 19300
 14350 12425 25900 33000 16075 31325 20975 22650 16275 10700  6975 20125
 19450 21800 19575 21825 18900 23425  8625 17950 15050  1550  4925 32350
 17150 17900 24200  2725 18725 16875 15025 10275  3475  2975 18950 10425
 17300 20050 24400  6750 24750  9075 21425 19975  1325   700 13850  9725
  5225 24600 19875 22325 17925  6175 25300 14475 18150 24375 15950  2125
  4675 11175 11650  8275 14050 31725 16350   750 27175 15300 19900 24175
 24625 28600  9375  7525 19150 31500  5725 29850 23525 14725 16300 22100
 10125 22125 11725 17825 15325  6875 31800  3575  2475 19550 14525  5925
 20700 15775 29900 32875  2075 23275  7325 10150 10450 31700  1150 23450
   900 11450 19925  3425 23100 11550  7025 17525 12125  8350 27400 13775
  3775  7225]",0.0,"The listed amount of the loan applied for by the borrower. If at some point in time, the credit department reduces the loan amount, then it will be reflected in this value."
3,funded_amnt,963,"[ 2750  2500  3000  5100 20000 18000 15000  4000 10000  5600 25000 28000
  3050 19750 19100  1000 13000  8500  2400  7000  6000 35000 10500 16000
  5000  9500  5800  3300  5375  6900 21000  2925 12000 10400 11650  7500
 25600  8000  3500  5400  6250 24000  6300  4500  7200  6400  7750  1400
  9600  2000 14000 10450  3250 16800 11000  3325 10750  5825  9000  9450
  4450  7625  6500  8225 11200 11500 14125  8250 11600  2775 13450 12500
  5900  1800  3600  4375 17000 12600 13600  5750  8075 22750 15800  6950
 13400 13750 18550  7925  2800  5700 12800  3800 13500 13475   500 30000
  1600 14900 15250  4800 34475  6600 17500  7600 16125  7400  4200 10100
  9250 10200  2900 12300  5500 25975 22000  6350  9900  8800 10375  7975
  5125 19075 10625  1950 12950 15050 18500 17175 14400 15500  5350 27000
 21475 12675  4400  1450 21625 19000 25450  1700 14300  9100  3375  5200
  1925  7300  9150 18600  5550  8400 16500 14950 15450 16200 10875  2600
 18200  1675 14550  5575  6700 24800 13800  7100 11525  6375  2100  3825
 22400 15550  1500  3650 23000 12375 12625  4600  1200 17975  9800 16350
 13975  3200  3700  9375 24250 14050  4125 32000 10800  9325  9650 12525
  7850  9975 18400 16750 14500  5300 10775  8100  6200 12200  8125 12175
  5975 24500 12750  3525 15975 20950 14800 12275 19600  3900 26000 31200
  2700 20100  4900  6625 15875 11850  4750 13200  6800 16850  5450  5875
 13425  7350  7800 18250 20675 20400  5850  2200 13050 11225 12025  6850
 11400  9625  7950 19400 14700 22500 10025 18975 32250  2250  8700 10175
  8600 17200  8950 21600 13250  6575 13100 18475 11425 16450 10550  9225
  4425 10925 13225 18300 16400  7875 17400 25475  2050 17100  6825  6925
 24625  6075 15275  4525  3150 17625 12575  2850 15775  8575  2325 11325
 18750 14225 17275  3575 15750  8175  9200  1750  7175  4850 15200 17850
  9700 12325 21725 21750 11750 15350  6225 21575  6725  1050 27050 21850
 19500 14750  3275 12650 12250 10250  1525 10275  3025  9475  2150 25875
 17600 15075  8300 11250 16475  4150 28800 15175  5650 16300  7275  6125
 18800 21525  7250  1850 11125  1300  3400 18325  8325 13300  8375 16075
 11075 22025  6150  6100  8850 29100  7125 29000  4350 21500 14825  7775
  4650 16600 16050 15600 19625 29375 26375  7450 33250 31825 29700 14625
 23675  8725  5325  9125  9825  3075  1875  7425  8875 12225  9875 18350
  3975  3850 14725 17450 21250 12875 14575 18675  1775  4325  4575  2425
 14650  1425 12400 26500 13650 17700  9400 12700 10650 22200 12925 15400
  5025 17300 11725  9750 19275 16550 31000  5075  9725  4225 27125 20500
  1900 12725 17675 14200 23450 16775  9550 12900 19125 17900  7550  2300
  2575 16725 19200 17775  2375 18225  7725  7900 10600  2650 11975  8650
  7225 11050  3100 32500 27575  4250 14775 31300  5275  5675  8450 17125
 19850  4475 15850  8750  7650  8025 14350  3625 11625  6050 22475 23200
 21875 29175  8050 24875 28200 15700  5050 11700 22250  9775 31750 21925
 13725  4700 12150 13325 16700  7700 30225  6775 10950 34250 15900  8975
 27300  6025  4825  2450  9925 16425  3125  5250 10825  8900 13075  4100
 11875 14075 25375 30750 17250 13150 18825 10125  6550 12100 28100  4950
 21100 22275 14850 12775 19800 13900 28075 10325  4725  1250 23500 24475
 14675  8775 11100 33600 34675 22050  5425 12125 16625 17025 13700 26650
  4775 23600 13950 21275  2875 10975  6425 17875  4975  6525 28975 10225
 16225 23750 14600 21300 22800  6650 10675 12450 17825 11775  3350  7475
  3175 18075 22600  8675  4550  3875 13625 14100 11150 16250 15725  9525
 10050  8825  9175 15100 10700 22075 22875 10475 17325  3450  9300 13575
  6750 15825 12075 11175  8550 17050 16525  8475  3475 14450 26250  6325
  6450 15150 27200 11575  2550 27525  9050 14250 29275 23325 18525 17725
 22575 15950  8150 11800  5150 30525  9575 23050  8200  8525  6275 19225
  6675  6875  7375 17800  8425 23550 27400  4050 10525  1075 17925  6175
  7150  9350  5625 11475 18900 21200 20850 16675  4625 20200 10300 12475
 28250 33950 20600 20375 26400  5175 23400 22525 23100  9950 22125 17750
 20800  1275 25150  3550 19950 23375 29500  1100 21650 12050 20275 15325
 14525 14925 13125 21125 13525  2275 11375  3750 19425 32275  7825 22850
  5775 11900 19775 19875 27600 10725 15425  3950  7575 24925 13275 24100
 16925 16275  6975 18650 25650 13550 23975 32400 23775  9275 18775  6475
  2525 20450 30100 16650  2225 20625 13350 16150 15925 25200 19650 13850
 18425 10075 21350  5950 23800 15025 19700 31400 11675 17225 13375  9425
 11950 13175  9675  5525  7075 10850  4025 18875 22900 12825 24575 11300
 19250  2475 10575 19675 17525 14875 25500 23250 11450 24450 30600 12850
 12350  2950 11925 16100 11025 21400 22325 23300 24150 16025 29775 18275
 15575  9850  4300 26800 18050 19825 15625 25400 11350 16875 26675 23350
 14325 27250  1350  2350 34000 23700 13675 24850 22375   950 27500 15125
 15650 11275 22950 12425 23850 17425 27475 20975 13775  1375 31025 24975
 23225 12550 18100 16950 10350 10425  3725 20150 23475 14975  1825 16900
  7050 14175  4275 28750  7675 15675  2825 20900 17475 22825 10900 14275
 24350 28500 20250 18175  7325  4075 19300 17350  4875  8925 25900 33000
 31325  9025 14475 22650 16175 24275 26775 20125 19450 21800 22975 19575
 21825 10150 28550 21675 23425 22925  8625 22550 17950  1550  1975 17150
  7525  4925 32350 24200 15525  2725 18725 34800 18150 15300  2975 18950
 20325 24725 19375 12975 22675 19325 23650 14425 20050 24400 24750  9075
 16975 19975  1325 25025   700 21025 18925 21775  5225 24600 13925 24825
 16375 15225 25300 24375  2125  4675 15475 18450 29525  8275 17575   750
  2025 22425 27175 22725 19900 24175 28600 22100 11825 25550 31500  5725
 29850 23525 17075 20225 24125 19025 16575 13825 21425 31800 27875 19550
 20650  5925 18375 20700 20575 32875 29800  2075 23275 23150 13875 31700
  1150 21375 19150   900 27800 33500 19925  3425 16325 11550  7025 13025
  8350 18850  3775]",0.0,The total amount committed to that loan at that point in time.
4,funded_amnt_inv,6081,"[ 2709.036252    404.0192266  3000.        ... 10782.95582   11761.00426
 10752.26752  ]",0.0,The total amount committed by investors for that loan at that point in time.
5,term,2,[' 36 months' ' 60 months'],0.0,The number of payments on the loan. Values are in months and can be either 36 or 60.
6,int_rate,360,"[0.1695 0.1222 0.0676 0.1112 0.1171 0.1349 0.0729 0.1879 0.1099 0.1751
 0.1411 0.1677 0.0788 0.2322 0.2206 0.1322 0.0894 0.0751 0.1    0.1719
 0.1645 0.0849 0.1199 0.1929 0.1528 0.1269 0.0714 0.1427 0.1253 0.0991
 0.1103 0.1347 0.1218 0.1037 0.1361 0.1242 0.1062 0.1071 0.0692 0.2235
 0.1562 0.0654 0.1706 0.0999 0.1149 0.0579 0.1186 0.1942 0.0749 0.1287
 0.0662 0.1008 0.1059 0.0699 0.1183 0.0766 0.1261 0.1558 0.0691 0.1221
 0.0932 0.1465 0.1273 0.0925 0.1649 0.089  0.1632 0.1531 0.1398 0.1491
 0.1166 0.0945 0.1316 0.08   0.0963 0.1991 0.1461 0.1154 0.1565 0.1459
 0.0988 0.1148 0.0542 0.0859 0.1392 0.1075 0.1136 0.0617 0.1298 0.1496
 0.0603 0.0743 0.1036 0.1025 0.1078 0.1158 0.1799 0.0599 0.1527 0.1372
 0.1417 0.1899 0.1422 0.2025 0.079  0.1038 0.1323 0.0774 0.2211 0.1343
 0.1595 0.203  0.1367 0.1111 0.1864 0.1223 0.1065 0.0976 0.1505 0.1537
 0.1793 0.0832 0.1385 0.1435 0.1299 0.1825 0.06   0.1904 0.1284 0.1355
 0.1599 0.1727 0.1689 0.1074 0.1596 0.0863 0.1521 0.1348 0.1409 0.0888
 0.1426 0.2077 0.1379 0.1602 0.1867 0.1479 0.1189 0.074  0.1756 0.1533
 0.1399 0.1483 0.1095 0.0962 0.1669 0.1311 0.2099 0.1306 0.2167 0.1357
 0.1758 0.1969 0.1472 0.1268 0.1114 0.1523 0.1091 0.1891 0.1134 0.1475
 0.1335 0.1611 0.1714 0.1739 0.1126 0.1442 0.183  0.2127 0.164  0.2313
 0.138  0.1854 0.2089 0.1292 0.1809 0.157  0.2016 0.1862 0.1362 0.0838
 0.1704 0.1545 0.0996 0.1454 0.167  0.1839 0.1446 0.1629 0.1484 0.1663
 0.0639 0.1635 0.1128 0.1028 0.2062 0.1146 0.1941 0.1749 0.1903 0.1525
 0.0768 0.102  0.1249 0.1682 0.1843 0.1982 0.0791 0.1163 0.2136 0.152
 0.0737 0.1014 0.1734 0.0901 0.178  0.16   0.092  0.1974 0.1607 0.1557
 0.0807 0.1387 0.1817 0.2174 0.1001 0.0933 0.2128 0.1039 0.1236 0.1821
 0.1324 0.1109 0.2352 0.1122 0.0712 0.128  0.1788 0.1474 0.2069 0.0705
 0.1304 0.1286 0.1568 0.1217 0.2274 0.1774 0.0964 0.1197 0.1715 0.1141
 0.0775 0.0938 0.1209 0.2011 0.1412 0.0983 0.1493 0.2248 0.1939 0.1033
 0.1241 0.1178 0.1601 0.133  0.1191 0.1051 0.1966 0.1083 0.204  0.0742
 0.1272 0.0907 0.2114 0.1172 0.2391 0.2122 0.2085 0.1743 0.162  0.145
 0.1936 0.1418 0.143  0.0967 0.087  0.1393 0.1979 0.1229 0.2003 0.1482
 0.1046 0.1096 0.1754 0.1853 0.2164 0.1726 0.2048 0.2121 0.1507 0.209
 0.1659 0.1384 0.1312 0.1159 0.1916 0.1576 0.1807 0.1438 0.097  0.1588
 0.2053 0.1884 0.1513 0.1254 0.1488 0.202  0.1462 0.1608 0.1425 0.0951
 0.1212 0.1336 0.1633 0.1878 0.1375 0.1538 0.1849 0.1583 0.2411 0.2159
 0.1947 0.1317 0.1064 0.2017 0.1204 0.2148 0.2285 0.1913 0.147  0.1262
 0.2294 0.2086 0.1267 0.179  0.2182 0.244  0.1501 0.1836 0.1703 0.2052]",0.0,Interest Rate on the loan
7,installment,12405,[ 97.98  83.3   92.31 ... 160.01  95.79 414.59],0.0,The monthly payment owed by the borrower if the loan originates.
8,grade,7,['E' 'C' 'A' 'B' 'D' 'G' 'F'],0.0,LC assigned loan grade
9,sub_grade,35,"['E5' 'C4' 'A2' 'B3' 'C2' 'A4' 'E3' 'E4' 'D1' 'D2' 'A5' 'G4' 'F4' 'B4'
 'A3' 'B2' 'E1' 'B5' 'D3' 'C1' 'B1' 'F5' 'C3' 'D5' 'E2' 'C5' 'D4' 'A1'
 'F3' 'F1' 'G1' 'F2' 'G2' 'G3' 'G5']",0.0,LC assigned loan subgrade
10,emp_title,20972,"['Clark University' 'charrette pitman' 'orgill inc' ... 'Drillmec Inc.'
 'Samuel French Bookshops Inc' 'Cheryl Bissetts Preschool  and  Childcare']",0.06172439840293514,The job title supplied by the Borrower when applying for the loan.*
11,emp_length,12,"['3 years' '10+ years' '8 years' nan '4 years' '5 years' '6 years'
 '1 year' '< 1 year' '2 years' '9 years' '7 years']",0.027301176216682852,Employment length in years. Possible values are between 0 and 10 where 0 means less than one year and 10 means ten or more years. 
12,home_ownership,5,['RENT' 'OWN' 'MORTGAGE' 'OTHER' 'NONE'],0.0,"The home ownership status provided by the borrower during registration. Our values are: RENT, OWN, MORTGAGE, OTHER."
13,annual_inc,4134,[ 4200. 48000. 58000. ... 62046. 67386. 96772.],0.0,The self-reported annual income provided by the borrower during registration.
14,verification_status,3,['Not Verified' 'Verified' 'Source Verified'],0.0,"Indicates if income was verified by LC, not verified, or if the income source was verified"
15,issue_d,54,"['2009-01-01T00:00:00.000000000' '2008-07-01T00:00:00.000000000'
 '2010-10-01T00:00:00.000000000' '2010-09-01T00:00:00.000000000'
 '2011-12-01T00:00:00.000000000' '2011-05-01T00:00:00.000000000'
 '2011-04-01T00:00:00.000000000' '2011-06-01T00:00:00.000000000'
 '2011-08-01T00:00:00.000000000' '2011-02-01T00:00:00.000000000'
 '2009-05-01T00:00:00.000000000' '2011-11-01T00:00:00.000000000'
 '2010-07-01T00:00:00.000000000' '2011-10-01T00:00:00.000000000'
 '2009-12-01T00:00:00.000000000' '2010-03-01T00:00:00.000000000'
 '2009-11-01T00:00:00.000000000' '2011-09-01T00:00:00.000000000'
 '2010-06-01T00:00:00.000000000' '2011-07-01T00:00:00.000000000'
 '2009-03-01T00:00:00.000000000' '2009-04-01T00:00:00.000000000'
 '2008-04-01T00:00:00.000000000' '2009-02-01T00:00:00.000000000'
 '2011-01-01T00:00:00.000000000' '2010-04-01T00:00:00.000000000'
 '2008-02-01T00:00:00.000000000' '2009-10-01T00:00:00.000000000'
 '2010-11-01T00:00:00.000000000' '2010-12-01T00:00:00.000000000'
 '2010-08-01T00:00:00.000000000' '2008-06-01T00:00:00.000000000'
 '2010-01-01T00:00:00.000000000' '2011-03-01T00:00:00.000000000'
 '2009-06-01T00:00:00.000000000' '2010-05-01T00:00:00.000000000'
 '2009-08-01T00:00:00.000000000' '2008-08-01T00:00:00.000000000'
 '2008-10-01T00:00:00.000000000' '2007-11-01T00:00:00.000000000'
 '2010-02-01T00:00:00.000000000' '2007-07-01T00:00:00.000000000'
 '2008-01-01T00:00:00.000000000' '2009-09-01T00:00:00.000000000'
 '2008-12-01T00:00:00.000000000' '2008-03-01T00:00:00.000000000'
 '2009-07-01T00:00:00.000000000' '2007-12-01T00:00:00.000000000'
 '2008-11-01T00:00:00.000000000' '2007-10-01T00:00:00.000000000'
 '2008-05-01T00:00:00.000000000' '2008-09-01T00:00:00.000000000'
 '2007-08-01T00:00:00.000000000' '2007-09-01T00:00:00.000000000']",0.0,The month which the loan was funded
16,loan_status,3,['Fully Paid' 'Charged Off' 'Current'],0.0,Current status of the loan
19,desc,18583,"[""I'm finishing my undergraduate degree at Clark University in Worcester, MA this spring and need a small loan to help pay for my final semester.  My degree is in psychology with a minor in entrepreneurship. I work between 20-30 hours per week which is more than enough to make monthly repayments.""
 ' purchase a 1929 mercedes replica collectable'
 '  Borrower added on 10/11/10 > adding a screened porch<br/>' ...
 '  Borrower added on 11/10/10 > Looking for a loan to consolidate credit/legal debt.<br/>'
 ' 556324 added on 10/13/09 > thanks for funding..this is just a side project i dont want to touch my investments for at this time.'
 'I am looking to invest in a 2008 Tahoe Q5i with a 190hP Mercruiser I/O. I will be putting 14,000 down in cash and am looking to finance the balance of $13,500. My two 6-year old sons love the water and this boat will certainly provide plenty of fun family evenings and weekends...The Bank Of America loan on my credit report is a student loan that I am a co-borrower on with my fiance. The payments are automatically withdrawn from his personal checking account. At the time I added my name to establish credit. The car loan with Sovereign Bank is also paid by my fiance and is automatically withdrawn from his personal checking account...I live in a family owned house and only cover the cost of utilities as rent.  Repaying those willing to extend credit is extremely important to me.  If I was not 100% confident that I could make the payment, I would not be asking for a loan. Its a matter of responsibility.  THanks for considering financing my investment. ']",0.3255997985683968,Loan description provided by the borrower
20,purpose,14,"['educational' 'car' 'home_improvement' 'other' 'credit_card'
 'debt_consolidation' 'house' 'small_business' 'medical' 'vacation'
 'wedding' 'major_purchase' 'renewable_energy' 'moving']",0.0,A category provided by the borrower for the loan request. 
21,title,14290,"['Paying for my last semester of college' 'new car' 'screened porch' ...
 'oldman remod' 'Boat Loan: 2008 Tahoe Q5i' 'PRODUCTIVE TALENTS']",0.00028775943311391675,The loan title provided by the borrower
22,zip_code,806,"['024xx' '141xx' '435xx' '112xx' '573xx' '285xx' '117xx' '207xx' '217xx'
 '186xx' '786xx' '453xx' '535xx' '630xx' '857xx' '321xx' '770xx' '210xx'
 '981xx' '329xx' '211xx' '491xx' '701xx' '900xx' '923xx' '604xx' '958xx'
 '553xx' '100xx' '980xx' '925xx' '984xx' '201xx' '441xx' '402xx' '939xx'
 '181xx' '184xx' '843xx' '855xx' '956xx' '331xx' '089xx' '300xx' '064xx'
 '531xx' '019xx' '852xx' '021xx' '356xx' '275xx' '310xx' '077xx' '335xx'
 '191xx' '802xx' '551xx' '337xx' '767xx' '330xx' '607xx' '196xx' '741xx'
 '666xx' '951xx' '947xx' '983xx' '344xx' '618xx' '431xx' '972xx' '150xx'
 '086xx' '068xx' '327xx' '774xx' '070xx' '930xx' '103xx' '967xx' '302xx'
 '655xx' '917xx' '261xx' '782xx' '334xx' '968xx' '761xx' '936xx' '954xx'
 '740xx' '800xx' '325xx' '336xx' '757xx' '063xx' '104xx' '532xx' '015xx'
 '281xx' '454xx' '290xx' '975xx' '550xx' '970xx' '322xx' '600xx' '125xx'
 '484xx' '940xx' '554xx' '928xx' '945xx' '934xx' '080xx' '937xx' '135xx'
 '921xx' '020xx' '982xx' '349xx' '927xx' '262xx' '891xx' '085xx' '170xx'
 '347xx' '346xx' '801xx' '113xx' '114xx' '902xx' '442xx' '601xx' '232xx'
 '452xx' '061xx' '847xx' '271xx' '841xx' '809xx' '481xx' '338xx' '990xx'
 '773xx' '190xx' '948xx' '606xx' '292xx' '760xx' '775xx' '215xx' '146xx'
 '303xx' '280xx' '305xx' '221xx' '785xx' '752xx' '328xx' '913xx' '926xx'
 '935xx' '787xx' '105xx' '571xx' '941xx' '115xx' '432xx' '274xx' '235xx'
 '633xx' '286xx' '665xx' '228xx' '950xx' '840xx' '850xx' '908xx' '152xx'
 '641xx' '751xx' '853xx' '301xx' '652xx' '270xx' '225xx' '299xx' '450xx'
 '014xx' '860xx' '212xx' '959xx' '185xx' '145xx' '106xx' '865xx' '333xx'
 '109xx' '242xx' '234xx' '537xx' '486xx' '088xx' '226xx' '851xx' '140xx'
 '214xx' '922xx' '986xx' '961xx' '598xx' '028xx' '010xx' '920xx' '032xx'
 '456xx' '735xx' '430xx' '231xx' '222xx' '631xx' '076xx' '444xx' '949xx'
 '907xx' '326xx' '756xx' '448xx' '144xx' '370xx' '946xx' '294xx' '079xx'
 '319xx' '712xx' '245xx' '029xx' '722xx' '023xx' '038xx' '224xx' '932xx'
 '730xx' '279xx' '890xx' '978xx' '497xx' '622xx' '342xx' '339xx' '306xx'
 '916xx' '805xx' '220xx' '765xx' '110xx' '027xx' '018xx' '030xx' '066xx'
 '636xx' '906xx' '846xx' '483xx' '198xx' '060xx' '458xx' '276xx' '480xx'
 '200xx' '443xx' '238xx' '111xx' '717xx' '433xx' '357xx' '268xx' '400xx'
 '154xx' '320xx' '777xx' '324xx' '179xx' '157xx' '933xx' '447xx' '658xx'
 '081xx' '193xx' '957xx' '998xx' '074xx' '711xx' '352xx' '971xx' '180xx'
 '025xx' '952xx' '440xx' '912xx' '750xx' '737xx' '656xx' '763xx' '623xx'
 '134xx' '161xx' '296xx' '446xx' '558xx' '799xx' '119xx' '182xx' '895xx'
 '323xx' '283xx' '172xx' '602xx' '953xx' '769xx' '251xx' '731xx' '082xx'
 '067xx' '973xx' '116xx' '619xx' '151xx' '871xx' '557xx' '605xx' '955xx'
 '914xx' '056xx' '297xx' '594xx' '797xx' '814xx' '013xx' '762xx' '272xx'
 '282xx' '107xx' '404xx' '083xx' '644xx' '351xx' '427xx' '366xx' '130xx'
 '919xx' '434xx' '591xx' '482xx' '175xx' '189xx' '829xx' '132xx' '918xx'
 '199xx' '365xx' '995xx' '804xx' '766xx' '219xx' '703xx' '138xx' '195xx'
 '863xx' '628xx' '194xx' '178xx' '050xx' '354xx' '672xx' '156xx' '439xx'
 '062xx' '721xx' '894xx' '316xx' '124xx' '078xx' '539xx' '087xx' '924xx'
 '147xx' '931xx' '597xx' '562xx' '160xx' '915xx' '488xx' '572xx' '542xx'
 '985xx' '905xx' '538xx' '159xx' '017xx' '216xx' '295xx' '904xx' '071xx'
 '403xx' '660xx' '813xx' '705xx' '457xx' '223xx' '288xx' '944xx' '791xx'
 '724xx' '675xx' '704xx' '826xx' '084xx' '898xx' '903xx' '126xx' '236xx'
 '016xx' '875xx' '127xx' '969xx' '496xx' '208xx' '410xx' '707xx' '183xx'
 '173xx' '728xx' '287xx' '255xx' '392xx' '778xx' '315xx' '992xx' '075xx'
 '662xx' '361xx' '490xx' '265xx' '298xx' '487xx' '640xx' '614xx' '341xx'
 '120xx' '128xx' '943xx' '856xx' '209xx' '206xx' '022xx' '396xx' '754xx'
 '816xx' '648xx' '781xx' '495xx' '167xx' '011xx' '394xx' '240xx' '755xx'
 '812xx' '176xx' '197xx' '661xx' '350xx' '136xx' '657xx' '720xx' '073xx'
 '174xx' '612xx' '780xx' '993xx' '700xx' '031xx' '012xx' '026xx' '567xx'
 '142xx' '996xx' '489xx' '072xx' '689xx' '874xx' '624xx' '708xx' '317xx'
 '273xx' '308xx' '384xx' '380xx' '530xx' '611xx' '291xx' '759xx' '313xx'
 '148xx' '784xx' '293xx' '218xx' '494xx' '230xx' '168xx' '436xx' '547xx'
 '549xx' '307xx' '977xx' '559xx' '815xx' '131xx' '617xx' '101xx' '727xx'
 '560xx' '289xx' '133xx' '069xx' '229xx' '143xx' '129xx' '499xx' '254xx'
 '405xx' '565xx' '250xx' '368xx' '122xx' '831xx' '177xx' '820xx' '188xx'
 '123xx' '284xx' '910xx' '811xx' '824xx' '629xx' '227xx' '626xx' '243xx'
 '362xx' '566xx' '374xx' '423xx' '203xx' '803xx' '309xx' '253xx' '546xx'
 '033xx' '627xx' '806xx' '237xx' '911xx' '233xx' '137xx' '541xx' '065xx'
 '989xx' '880xx' '053xx' '620xx' '719xx' '677xx' '451xx' '260xx' '358xx'
 '974xx' '463xx' '257xx' '314xx' '246xx' '247xx' '165xx' '667xx' '054xx'
 '118xx' '616xx' '363xx' '748xx' '052xx' '379xx' '367xx' '155xx' '278xx'
 '883xx' '716xx' '166xx' '391xx' '706xx' '256xx' '121xx' '808xx' '790xx'
 '670xx' '726xx' '779xx' '318xx' '743xx' '041xx' '764xx' '522xx' '793xx'
 '864xx' '734xx' '149xx' '153xx' '420xx' '654xx' '870xx' '241xx' '445xx'
 '997xx' '783xx' '108xx' '425xx' '264xx' '960xx' '625xx' '163xx' '882xx'
 '746xx' '991xx' '534xx' '827xx' '610xx' '057xx' '574xx' '653xx' '492xx'
 '577xx' '171xx' '493xx' '304xx' '312xx' '596xx' '364xx' '674xx' '158xx'
 '277xx' '634xx' '639xx' '407xx' '795xx' '963xx' '988xx' '543xx' '561xx'
 '360xx' '540xx' '609xx' '479xx' '034xx' '676xx' '422xx' '794xx' '772xx'
 '455xx' '999xx' '668xx' '796xx' '590xx' '844xx' '645xx' '744xx' '647xx'
 '139xx' '164xx' '729xx' '401xx' '593xx' '390xx' '650xx' '267xx' '570xx'
 '355xx' '810xx' '007xx' '437xx' '563xx' '725xx' '249xx' '736xx' '685xx'
 '040xx' '603xx' '828xx' '438xx' '035xx' '807xx' '359xx' '678xx' '259xx'
 '788xx' '845xx' '884xx' '669xx' '714xx' '830xx' '398xx' '051xx' '544xx'
 '096xx' '976xx' '044xx' '263xx' '413xx' '749xx' '576xx' '244xx' '637xx'
 '415xx' '664xx' '102xx' '615xx' '838xx' '789xx' '836xx' '822xx' '638xx'
 '592xx' '378xx' '776xx' '893xx' '671xx' '825xx' '473xx' '646xx' '388xx'
 '485xx' '881xx' '745xx' '710xx' '608xx' '753xx' '383xx' '406xx' '713xx'
 '545xx' '411xx' '859xx' '462xx' '723xx' '548xx' '897xx' '416xx' '595xx'
 '421xx' '187xx' '465xx' '575xx' '449xx' '371xx' '718xx' '258xx' '877xx'
 '369xx' '169xx' '635xx' '679xx' '408xx' '523xx' '564xx' '332xx' '058xx'
 '375xx' '090xx' '498xx' '747xx' '395xx' '837xx' '758xx' '613xx' '469xx'
 '424xx' '385xx' '239xx' '792xx' '461xx' '768xx' '037xx' '673xx' '266xx'
 '468xx' '397xx' '376xx' '798xx' '094xx' '651xx' '409xx' '663xx' '373xx'
 '474xx' '599xx' '527xx' '528xx' '739xx']",0.0,
23,addr_state,50,"['MA' 'NY' 'OH' 'SD' 'NC' 'MD' 'PA' 'TX' 'WI' 'MO' 'AZ' 'FL' 'WA' 'MI'
 'LA' 'CA' 'IL' 'MN' 'VA' 'KY' 'UT' 'NJ' 'GA' 'CT' 'AL' 'CO' 'OK' 'KS'
 'OR' 'HI' 'WV' 'SC' 'NV' 'MT' 'RI' 'NH' 'TN' 'AR' 'DE' 'DC' 'AK' 'NM'
 'VT' 'WY' 'MS' 'NE' 'ME' 'IA' 'IN' 'ID']",0.0,The state provided by the borrower in the loan application
24,dti,2807,[ 0.   14.77 10.03 ... 25.48 26.52 27.25],0.0,"A ratio calculated using the borrower’s total monthly debt payments on the total debt obligations, excluding mortgage and the requested LC loan, divided by the borrower’s self-reported monthly income."
25,delinq_2yrs,11,[ 0  1  2  3  4 11  6  5  8  7  9],0.0,The number of 30+ days past-due incidences of delinquency in the borrower's credit file for the past 2 years
26,earliest_cr_line,511,"['2005-08-01T00:00:00.000000000' '1996-08-01T00:00:00.000000000'
 '1994-03-01T00:00:00.000000000' '1997-06-01T00:00:00.000000000'
 '1989-09-01T00:00:00.000000000' '1992-05-01T00:00:00.000000000'
 '2000-06-01T00:00:00.000000000' '2008-01-01T00:00:00.000000000'
 '1988-07-01T00:00:00.000000000' '2006-12-01T00:00:00.000000000'
 '1985-05-01T00:00:00.000000000' '1994-10-01T00:00:00.000000000'
 '1992-03-01T00:00:00.000000000' '1990-11-01T00:00:00.000000000'
 '2003-09-01T00:00:00.000000000' '1982-06-01T00:00:00.000000000'
 '2000-03-01T00:00:00.000000000' '1995-02-01T00:00:00.000000000'
 '2001-11-01T00:00:00.000000000' '2004-02-01T00:00:00.000000000'
 '2005-07-01T00:00:00.000000000' '2004-06-01T00:00:00.000000000'
 '1986-01-01T00:00:00.000000000' '2001-04-01T00:00:00.000000000'
 '1993-10-01T00:00:00.000000000' '1992-11-01T00:00:00.000000000'
 '2000-08-01T00:00:00.000000000' '1994-06-01T00:00:00.000000000'
 '2002-02-01T00:00:00.000000000' '1990-08-01T00:00:00.000000000'
 '1995-10-01T00:00:00.000000000' '2006-09-01T00:00:00.000000000'
 '1991-10-01T00:00:00.000000000' '2003-10-01T00:00:00.000000000'
 '1995-12-01T00:00:00.000000000' '2001-10-01T00:00:00.000000000'
 '2002-11-01T00:00:00.000000000' '1992-12-01T00:00:00.000000000'
 '1998-01-01T00:00:00.000000000' '2004-03-01T00:00:00.000000000'
 '2002-09-01T00:00:00.000000000' '1997-12-01T00:00:00.000000000'
 '2004-11-01T00:00:00.000000000' '1991-03-01T00:00:00.000000000'
 '2005-04-01T00:00:00.000000000' '1998-11-01T00:00:00.000000000'
 '1997-09-01T00:00:00.000000000' '1994-01-01T00:00:00.000000000'
 '1994-11-01T00:00:00.000000000' '1995-08-01T00:00:00.000000000'
 '1984-05-01T00:00:00.000000000' '1994-12-01T00:00:00.000000000'
 '1992-09-01T00:00:00.000000000' '1999-01-01T00:00:00.000000000'
 '1999-11-01T00:00:00.000000000' '2004-04-01T00:00:00.000000000'
 '1997-01-01T00:00:00.000000000' '1994-05-01T00:00:00.000000000'
 '2003-08-01T00:00:00.000000000' '1989-08-01T00:00:00.000000000'
 '1989-01-01T00:00:00.000000000' '2000-05-01T00:00:00.000000000'
 '1998-06-01T00:00:00.000000000' '2000-04-01T00:00:00.000000000'
 '1997-11-01T00:00:00.000000000' '1979-09-01T00:00:00.000000000'
 '1993-03-01T00:00:00.000000000' '1999-09-01T00:00:00.000000000'
 '2002-10-01T00:00:00.000000000' '1997-05-01T00:00:00.000000000'
 '2003-05-01T00:00:00.000000000' '2007-01-01T00:00:00.000000000'
 '1983-04-01T00:00:00.000000000' '2004-12-01T00:00:00.000000000'
 '1989-02-01T00:00:00.000000000' '1988-09-01T00:00:00.000000000'
 '1997-04-01T00:00:00.000000000' '2008-02-01T00:00:00.000000000'
 '1993-02-01T00:00:00.000000000' '2002-08-01T00:00:00.000000000'
 '1996-12-01T00:00:00.000000000' '2003-12-01T00:00:00.000000000'
 '1998-04-01T00:00:00.000000000' '1982-05-01T00:00:00.000000000'
 '1996-01-01T00:00:00.000000000' '1993-11-01T00:00:00.000000000'
 '2001-03-01T00:00:00.000000000' '1998-07-01T00:00:00.000000000'
 '1999-10-01T00:00:00.000000000' '2000-02-01T00:00:00.000000000'
 '2002-12-01T00:00:00.000000000' '2003-04-01T00:00:00.000000000'
 '2000-09-01T00:00:00.000000000' '1991-04-01T00:00:00.000000000'
 '2001-12-01T00:00:00.000000000' '2007-07-01T00:00:00.000000000'
 '1995-11-01T00:00:00.000000000' '2006-08-01T00:00:00.000000000'
 '2003-07-01T00:00:00.000000000' '1987-07-01T00:00:00.000000000'
 '1981-11-01T00:00:00.000000000' '2003-01-01T00:00:00.000000000'
 '1992-07-01T00:00:00.000000000' '2001-07-01T00:00:00.000000000'
 '1988-06-01T00:00:00.000000000' '2005-06-01T00:00:00.000000000'
 '2006-11-01T00:00:00.000000000' '1998-12-01T00:00:00.000000000'
 '1988-05-01T00:00:00.000000000' '1987-01-01T00:00:00.000000000'
 '1999-12-01T00:00:00.000000000' '1989-04-01T00:00:00.000000000'
 '1984-06-01T00:00:00.000000000' '1995-05-01T00:00:00.000000000'
 '1974-12-01T00:00:00.000000000' '1994-04-01T00:00:00.000000000'
 '1990-12-01T00:00:00.000000000' '2007-02-01T00:00:00.000000000'
 '1989-11-01T00:00:00.000000000' '1991-06-01T00:00:00.000000000'
 '1999-04-01T00:00:00.000000000' '1989-05-01T00:00:00.000000000'
 '1996-10-01T00:00:00.000000000' '1992-08-01T00:00:00.000000000'
 '1999-07-01T00:00:00.000000000' '2005-09-01T00:00:00.000000000'
 '1996-06-01T00:00:00.000000000' '1998-05-01T00:00:00.000000000'
 '1989-06-01T00:00:00.000000000' '1999-05-01T00:00:00.000000000'
 '1996-09-01T00:00:00.000000000' '2000-11-01T00:00:00.000000000'
 '1978-11-01T00:00:00.000000000' '1997-10-01T00:00:00.000000000'
 '1996-04-01T00:00:00.000000000' '1986-09-01T00:00:00.000000000'
 '2002-07-01T00:00:00.000000000' '1994-08-01T00:00:00.000000000'
 '2000-12-01T00:00:00.000000000' '1976-11-01T00:00:00.000000000'
 '1992-04-01T00:00:00.000000000' '1983-06-01T00:00:00.000000000'
 '1977-12-01T00:00:00.000000000' '2000-10-01T00:00:00.000000000'
 '2004-01-01T00:00:00.000000000' '1996-11-01T00:00:00.000000000'
 '1984-01-01T00:00:00.000000000' '1990-05-01T00:00:00.000000000'
 '2003-11-01T00:00:00.000000000' '2006-03-01T00:00:00.000000000'
 '1999-02-01T00:00:00.000000000' '1989-10-01T00:00:00.000000000'
 '1999-08-01T00:00:00.000000000' '1983-10-01T00:00:00.000000000'
 '2007-09-01T00:00:00.000000000' '1998-02-01T00:00:00.000000000'
 '1984-07-01T00:00:00.000000000' '1987-10-01T00:00:00.000000000'
 '1987-03-01T00:00:00.000000000' '2005-03-01T00:00:00.000000000'
 '2005-02-01T00:00:00.000000000' '1968-12-01T00:00:00.000000000'
 '2002-03-01T00:00:00.000000000' '1998-03-01T00:00:00.000000000'
 '2000-01-01T00:00:00.000000000' '1984-11-01T00:00:00.000000000'
 '1994-07-01T00:00:00.000000000' '1998-09-01T00:00:00.000000000'
 '1994-09-01T00:00:00.000000000' '1999-06-01T00:00:00.000000000'
 '1977-10-01T00:00:00.000000000' '1995-09-01T00:00:00.000000000'
 '1997-08-01T00:00:00.000000000' '1998-08-01T00:00:00.000000000'
 '2003-06-01T00:00:00.000000000' '2005-01-01T00:00:00.000000000'
 '1987-11-01T00:00:00.000000000' '1978-06-01T00:00:00.000000000'
 '1998-10-01T00:00:00.000000000' '1997-07-01T00:00:00.000000000'
 '1993-09-01T00:00:00.000000000' '1995-03-01T00:00:00.000000000'
 '2002-04-01T00:00:00.000000000' '1985-01-01T00:00:00.000000000'
 '1970-08-01T00:00:00.000000000' '2007-03-01T00:00:00.000000000'
 '2004-10-01T00:00:00.000000000' '1991-02-01T00:00:00.000000000'
 '1990-06-01T00:00:00.000000000' '2007-11-01T00:00:00.000000000'
 '2001-06-01T00:00:00.000000000' '1995-01-01T00:00:00.000000000'
 '1988-12-01T00:00:00.000000000' '1992-02-01T00:00:00.000000000'
 '1989-03-01T00:00:00.000000000' '2001-08-01T00:00:00.000000000'
 '2004-07-01T00:00:00.000000000' '1986-06-01T00:00:00.000000000'
 '1993-04-01T00:00:00.000000000' '1986-02-01T00:00:00.000000000'
 '2005-05-01T00:00:00.000000000' '2005-12-01T00:00:00.000000000'
 '2000-07-01T00:00:00.000000000' '1994-02-01T00:00:00.000000000'
 '1986-03-01T00:00:00.000000000' '1985-04-01T00:00:00.000000000'
 '1993-07-01T00:00:00.000000000' '1971-10-01T00:00:00.000000000'
 '1995-06-01T00:00:00.000000000' '2006-06-01T00:00:00.000000000'
 '2001-01-01T00:00:00.000000000' '1997-02-01T00:00:00.000000000'
 '1954-11-01T00:00:00.000000000' '1984-02-01T00:00:00.000000000'
 '1977-06-01T00:00:00.000000000' '2006-04-01T00:00:00.000000000'
 '1973-05-01T00:00:00.000000000' '1982-10-01T00:00:00.000000000'
 '2001-02-01T00:00:00.000000000' '1995-07-01T00:00:00.000000000'
 '2004-09-01T00:00:00.000000000' '1976-06-01T00:00:00.000000000'
 '1988-04-01T00:00:00.000000000' '2005-11-01T00:00:00.000000000'
 '1991-11-01T00:00:00.000000000' '2006-05-01T00:00:00.000000000'
 '1996-05-01T00:00:00.000000000' '1978-03-01T00:00:00.000000000'
 '2002-05-01T00:00:00.000000000' '1985-08-01T00:00:00.000000000'
 '2001-09-01T00:00:00.000000000' '1972-09-01T00:00:00.000000000'
 '1970-04-01T00:00:00.000000000' '1987-08-01T00:00:00.000000000'
 '2003-02-01T00:00:00.000000000' '1993-12-01T00:00:00.000000000'
 '1991-01-01T00:00:00.000000000' '1985-03-01T00:00:00.000000000'
 '1990-10-01T00:00:00.000000000' '2006-01-01T00:00:00.000000000'
 '1977-08-01T00:00:00.000000000' '1991-12-01T00:00:00.000000000'
 '2006-02-01T00:00:00.000000000' '1980-01-01T00:00:00.000000000'
 '1999-03-01T00:00:00.000000000' '1993-08-01T00:00:00.000000000'
 '1980-08-01T00:00:00.000000000' '2001-05-01T00:00:00.000000000'
 '1980-02-01T00:00:00.000000000' '1972-07-01T00:00:00.000000000'
 '1993-06-01T00:00:00.000000000' '1978-10-01T00:00:00.000000000'
 '1983-09-01T00:00:00.000000000' '1970-09-01T00:00:00.000000000'
 '2004-05-01T00:00:00.000000000' '1985-10-01T00:00:00.000000000'
 '2002-06-01T00:00:00.000000000' '2007-08-01T00:00:00.000000000'
 '1993-05-01T00:00:00.000000000' '1991-09-01T00:00:00.000000000'
 '1986-07-01T00:00:00.000000000' '1980-10-01T00:00:00.000000000'
 '1985-02-01T00:00:00.000000000' '1997-03-01T00:00:00.000000000'
 '1984-10-01T00:00:00.000000000' '1981-06-01T00:00:00.000000000'
 '1988-02-01T00:00:00.000000000' '1970-07-01T00:00:00.000000000'
 '2002-01-01T00:00:00.000000000' '1981-05-01T00:00:00.000000000'
 '1990-07-01T00:00:00.000000000' '2007-06-01T00:00:00.000000000'
 '1990-09-01T00:00:00.000000000' '2007-05-01T00:00:00.000000000'
 '1971-04-01T00:00:00.000000000' '2006-07-01T00:00:00.000000000'
 '1981-08-01T00:00:00.000000000' '1984-03-01T00:00:00.000000000'
 '1992-06-01T00:00:00.000000000' '1990-04-01T00:00:00.000000000'
 '1990-03-01T00:00:00.000000000' '2003-03-01T00:00:00.000000000'
 '2004-08-01T00:00:00.000000000' '2007-04-01T00:00:00.000000000'
 '1984-12-01T00:00:00.000000000' '1987-09-01T00:00:00.000000000'
 '1983-03-01T00:00:00.000000000' '1985-07-01T00:00:00.000000000'
 '1988-01-01T00:00:00.000000000' '2008-07-01T00:00:00.000000000'
 '1993-01-01T00:00:00.000000000' '1996-03-01T00:00:00.000000000'
 '1991-05-01T00:00:00.000000000' '1986-05-01T00:00:00.000000000'
 '1987-04-01T00:00:00.000000000' '1988-11-01T00:00:00.000000000'
 '1980-04-01T00:00:00.000000000' '2006-10-01T00:00:00.000000000'
 '1996-07-01T00:00:00.000000000' '1984-09-01T00:00:00.000000000'
 '1991-08-01T00:00:00.000000000' '1981-04-01T00:00:00.000000000'
 '1996-02-01T00:00:00.000000000' '1978-12-01T00:00:00.000000000'
 '1986-10-01T00:00:00.000000000' '1968-03-01T00:00:00.000000000'
 '1986-12-01T00:00:00.000000000' '2005-10-01T00:00:00.000000000'
 '1990-01-01T00:00:00.000000000' '1979-08-01T00:00:00.000000000'
 '1972-04-01T00:00:00.000000000' '1987-05-01T00:00:00.000000000'
 '1989-07-01T00:00:00.000000000' '1988-03-01T00:00:00.000000000'
 '1991-07-01T00:00:00.000000000' '1992-01-01T00:00:00.000000000'
 '1978-07-01T00:00:00.000000000' '1990-02-01T00:00:00.000000000'
 '2007-10-01T00:00:00.000000000' '1989-12-01T00:00:00.000000000'
 '1981-03-01T00:00:00.000000000' '1983-01-01T00:00:00.000000000'
 '1976-08-01T00:00:00.000000000' '2008-11-01T00:00:00.000000000'
 '1967-09-01T00:00:00.000000000' '1979-03-01T00:00:00.000000000'
 '1973-12-01T00:00:00.000000000' '1978-01-01T00:00:00.000000000'
 '1982-08-01T00:00:00.000000000' '1979-11-01T00:00:00.000000000'
 '1982-11-01T00:00:00.000000000' '1987-12-01T00:00:00.000000000'
 '1981-09-01T00:00:00.000000000' '1980-03-01T00:00:00.000000000'
 '1995-04-01T00:00:00.000000000' '1985-12-01T00:00:00.000000000'
 '1983-08-01T00:00:00.000000000' '1988-08-01T00:00:00.000000000'
 '1976-09-01T00:00:00.000000000' '1963-05-01T00:00:00.000000000'
 '1975-02-01T00:00:00.000000000' '1969-08-01T00:00:00.000000000'
 '1973-07-01T00:00:00.000000000' '1978-04-01T00:00:00.000000000'
 '1983-11-01T00:00:00.000000000' '1967-02-01T00:00:00.000000000'
 '1986-08-01T00:00:00.000000000' '1988-10-01T00:00:00.000000000'
 '1972-12-01T00:00:00.000000000' '2007-12-01T00:00:00.000000000'
 '1982-03-01T00:00:00.000000000' '1979-10-01T00:00:00.000000000'
 '1972-10-01T00:00:00.000000000' '1985-06-01T00:00:00.000000000'
 '1967-10-01T00:00:00.000000000' '1968-10-01T00:00:00.000000000'
 '1984-08-01T00:00:00.000000000' '1987-02-01T00:00:00.000000000'
 '1980-07-01T00:00:00.000000000' '1979-01-01T00:00:00.000000000'
 '1985-09-01T00:00:00.000000000' '1966-02-01T00:00:00.000000000'
 '1987-06-01T00:00:00.000000000' '2008-05-01T00:00:00.000000000'
 '1979-07-01T00:00:00.000000000' '1976-10-01T00:00:00.000000000'
 '1986-04-01T00:00:00.000000000' '1974-07-01T00:00:00.000000000'
 '1982-07-01T00:00:00.000000000' '1973-04-01T00:00:00.000000000'
 '1980-12-01T00:00:00.000000000' '1982-04-01T00:00:00.000000000'
 '1981-01-01T00:00:00.000000000' '1992-10-01T00:00:00.000000000'
 '1984-04-01T00:00:00.000000000' '1983-02-01T00:00:00.000000000'
 '1983-05-01T00:00:00.000000000' '1966-04-01T00:00:00.000000000'
 '2008-04-01T00:00:00.000000000' '1973-09-01T00:00:00.000000000'
 '1966-06-01T00:00:00.000000000' '1978-09-01T00:00:00.000000000'
 '1973-03-01T00:00:00.000000000' '1975-04-01T00:00:00.000000000'
 '1974-02-01T00:00:00.000000000' '1983-07-01T00:00:00.000000000'
 '1982-02-01T00:00:00.000000000' '1985-11-01T00:00:00.000000000'
 '1977-04-01T00:00:00.000000000' '1975-12-01T00:00:00.000000000'
 '1981-07-01T00:00:00.000000000' '1981-10-01T00:00:00.000000000'
 '1977-09-01T00:00:00.000000000' '1972-11-01T00:00:00.000000000'
 '1970-05-01T00:00:00.000000000' '1979-04-01T00:00:00.000000000'
 '1970-03-01T00:00:00.000000000' '1980-06-01T00:00:00.000000000'
 '1975-03-01T00:00:00.000000000' '1980-09-01T00:00:00.000000000'
 '1982-01-01T00:00:00.000000000' '1975-11-01T00:00:00.000000000'
 '1976-04-01T00:00:00.000000000' '1979-02-01T00:00:00.000000000'
 '1975-07-01T00:00:00.000000000' '1971-06-01T00:00:00.000000000'
 '2008-03-01T00:00:00.000000000' '1974-04-01T00:00:00.000000000'
 '1976-05-01T00:00:00.000000000' '1981-12-01T00:00:00.000000000'
 '1976-12-01T00:00:00.000000000' '2008-08-01T00:00:00.000000000'
 '1975-05-01T00:00:00.000000000' '1969-06-01T00:00:00.000000000'
 '1975-10-01T00:00:00.000000000' '1977-02-01T00:00:00.000000000'
 '1977-05-01T00:00:00.000000000' '1982-09-01T00:00:00.000000000'
 '1971-07-01T00:00:00.000000000' '1979-12-01T00:00:00.000000000'
 '1981-02-01T00:00:00.000000000' '1986-11-01T00:00:00.000000000'
 '1978-02-01T00:00:00.000000000' '1970-12-01T00:00:00.000000000'
 '1979-06-01T00:00:00.000000000' '1968-09-01T00:00:00.000000000'
 '1973-10-01T00:00:00.000000000' '1974-05-01T00:00:00.000000000'
 '1970-06-01T00:00:00.000000000' '1970-11-01T00:00:00.000000000'
 '1956-09-01T00:00:00.000000000' '1972-03-01T00:00:00.000000000'
 '1967-04-01T00:00:00.000000000' '2008-06-01T00:00:00.000000000'
 '1978-05-01T00:00:00.000000000' '1968-06-01T00:00:00.000000000'
 '1976-02-01T00:00:00.000000000' '1982-12-01T00:00:00.000000000'
 '1977-01-01T00:00:00.000000000' '1972-01-01T00:00:00.000000000'
 '1969-02-01T00:00:00.000000000' '1969-09-01T00:00:00.000000000'
 '1983-12-01T00:00:00.000000000' '1969-12-01T00:00:00.000000000'
 '1975-09-01T00:00:00.000000000' '1963-01-01T00:00:00.000000000'
 '1973-11-01T00:00:00.000000000' '1965-05-01T00:00:00.000000000'
 '1976-03-01T00:00:00.000000000' '1978-08-01T00:00:00.000000000'
 '1980-11-01T00:00:00.000000000' '1967-08-01T00:00:00.000000000'
 '1977-07-01T00:00:00.000000000' '1975-01-01T00:00:00.000000000'
 '1977-03-01T00:00:00.000000000' '1971-11-01T00:00:00.000000000'
 '1977-11-01T00:00:00.000000000' '1971-01-01T00:00:00.000000000'
 '1967-07-01T00:00:00.000000000' '1975-08-01T00:00:00.000000000'
 '1971-09-01T00:00:00.000000000' '1973-06-01T00:00:00.000000000'
 '1974-06-01T00:00:00.000000000' '1969-07-01T00:00:00.000000000'
 '1964-04-01T00:00:00.000000000' '1974-01-01T00:00:00.000000000'
 '1972-02-01T00:00:00.000000000' '1971-05-01T00:00:00.000000000'
 '1971-03-01T00:00:00.000000000' '1976-07-01T00:00:00.000000000'
 '1974-11-01T00:00:00.000000000' '1965-02-01T00:00:00.000000000'
 '1970-01-01T00:00:00.000000000' '1963-03-01T00:00:00.000000000'
 '1976-01-01T00:00:00.000000000' '1973-02-01T00:00:00.000000000'
 '1974-03-01T00:00:00.000000000' '1973-08-01T00:00:00.000000000'
 '1966-11-01T00:00:00.000000000' '1980-05-01T00:00:00.000000000'
 '1962-09-01T00:00:00.000000000' '2008-09-01T00:00:00.000000000'
 '1963-10-01T00:00:00.000000000' '1974-10-01T00:00:00.000000000'
 '1967-11-01T00:00:00.000000000' '1979-05-01T00:00:00.000000000'
 '1969-03-01T00:00:00.000000000' '1974-08-01T00:00:00.000000000'
 '1969-10-01T00:00:00.000000000' '1975-06-01T00:00:00.000000000'
 '1968-02-01T00:00:00.000000000' '1969-04-01T00:00:00.000000000'
 '1973-01-01T00:00:00.000000000' '1964-09-01T00:00:00.000000000'
 '1971-02-01T00:00:00.000000000' '1968-08-01T00:00:00.000000000'
 '1964-10-01T00:00:00.000000000' '1946-01-01T00:00:00.000000000'
 '1961-11-01T00:00:00.000000000' '1968-11-01T00:00:00.000000000'
 '1970-10-01T00:00:00.000000000' '1965-10-01T00:00:00.000000000'
 '1972-08-01T00:00:00.000000000' '1970-02-01T00:00:00.000000000'
 '1965-09-01T00:00:00.000000000' '1969-11-01T00:00:00.000000000'
 '1968-01-01T00:00:00.000000000' '1972-06-01T00:00:00.000000000'
 '1972-05-01T00:00:00.000000000' '1966-03-01T00:00:00.000000000'
 '1967-05-01T00:00:00.000000000']",0.0,The month the borrower's earliest reported credit line was opened
27,inq_last_6mths,9,[0 1 3 2 4 6 5 8 7],0.0,The number of inquiries in past 6 months (excluding auto and mortgage inquiries)
28,mths_since_last_delinq,92,"[ nan  48.  41.  34.  18.  45.  61.  26.  13.  43.  19.  15.  21.  46.
  59.  36.  17.   0.  37.  76.  40.  50.  27.  51.   2.  35.  63.  68.
  66.  33.  24.  44.   5.  81.  75.  22.  28.  58.   8.  65.  39.  10.
  47.  49.  55.  23.   6.  32.  14.  42.   4.  67.  54.  60.  56.  62.
  80.   3.  29.  16.  11.  78.  52.  12.  69.  64.  30.  20.  31.  72.
   1.  71.  38.   7.  57.  82.   9.  53.  25.  73.  79.  70.  96.  77.
  74. 103.  83.  86.  97. 120.  95. 107.]",0.6483220028056544,The number of months since the borrower's last delinquency.
30,open_acc,39,"[ 6  9 10  2 12  8 17  4  3  5 15  7 13 14 19 21 11 18 22 16 20 24 28 23
 27 34 41 26 25 30 29 31 36 33 42 35 32 38 39]",0.0,The number of open credit lines in the borrower's credit file.
31,pub_rec,5,[0 1 2 3 4],0.0,Number of derogatory public records
32,revol_bal,17506,[    0 10710  1403 ...  7323 16529 11014],0.0,Total credit revolving balance
33,revol_util,1062,[   nan 0.546  0.031  ... 0.2172 0.4736 0.0188],0.0014028272364303442,"Revolving line utilization rate, or the amount of credit the borrower is using relative to all available revolving credit."
34,total_acc,79,"[ 6 19 36  9 23 31  4 22 30 17 15 44 13 21 35 24  5 27 33 11 42 16  7 12
 10 56  8 29 25 41 26 34 37 47 20 14 43 32 18 38 28 40 45 54 53 62  3 49
 48 46 51 57 61 39 63 52 59 64 58 50 60 55 81 66 67 72 71 69 65 74 76 77
 87 68 70 75 90  2 79]",0.0,The total number of credit lines currently in the borrower's credit file
36,out_prncp,778,"[   0.    208.12 2506.9   382.92  475.38  648.56 1833.76 1888.87  138.32
 1270.46 1078.44  346.17 1887.07  296.24 4683.41 2542.42 2865.83 1928.85
 2248.45 1766.38 1725.34  718.03 1463.88 1299.89  588.92 4977.37 1856.95
  557.72 1309.67 2158.97 6311.47  806.13 2324.29 1262.94 1717.33 1894.33
 1440.65 2674.64 2235.61  120.35 1938.79 1666.39  743.52  797.77 1146.07
  410.02  545.51 5217.87 2274.79  304.42 2193.18  594.24  111.26 1294.99
 1923.74 4136.43 1294.86 2851.4  1974.23  507.34  876.91 2410.09 2016.74
  590.78  815.07 2940.22  328.7   682.66 1634.92 1634.86 2116.44  741.8
 1692.35 2305.7  1885.17  218.05 1838.01 5325.95  904.95 1279.63 1551.4
 2642.15 1053.64 3449.06  835.37 1553.34 3547.11  531.03  561.02 1074.97
 5204.84 2606.93 3240.26 2327.1  1121.58 1085.45 4401.82 2344.27 2996.86
 3265.96   88.54 2023.9  3233.11  174.69  407.51 2265.23 1828.12 1888.84
 2544.61 4829.94  465.93  187.6  5355.36  569.25 1600.36 3060.01 2789.95
 1972.6  2572.6   718.13  564.35 2510.25  315.5  1028.29 1110.37 1082.13
  965.81  620.78  454.49 1127.5   348.99 1004.7  2432.35  405.53  544.05
  654.7   352.6  6219.11 2169.29 1359.61 1275.29 3175.31 1143.7  1734.3
 1749.79 2437.1   911.8  4309.18 2420.15  754.54 1260.47 3006.67 1960.28
 5522.58 2723.93 3604.32  488.94 1545.01 1891.19 1178.84  156.85 1311.75
  427.87 1978.2  1748.36 1607.9  3399.59 1335.97  457.98  726.12 2656.68
 2268.35 3267.88 1310.39  536.32  333.67 1111.65 1664.64 1677.9  1799.71
 1496.24 1795.78 6219.16 3464.73  436.18 1049.49  524.06 1061.32  640.63
   72.11  858.69 4447.51  124.42  604.44 3031.4  1883.68  803.17  761.1
  220.34 5944.12 1796.75 5945.89  362.11   80.19  500.72  909.53  745.54
 2095.12 1126.08 2816.93 2012.43  764.24 1353.82 4558.06 3452.49  792.89
  830.23   13.28  329.31 3232.93  990.63 4498.43  584.28 1035.62  614.82
 1138.05  178.23 2504.4  2613.41  290.68 1961.61 2593.13  583.84  330.8
   65.83 1109.03 3373.38  720.78 3242.49 3713.35 2192.31 1135.23 1478.32
  651.3   774.94  753.26  883.41   19.12 1586.31 1096.95 2963.41 2977.79
 1978.94 1495.26  113.96  195.99 1975.52 3298.03 2431.39 3111.53  491.24
 1105.19 2989.89 2606.86 1634.83  749.32  827.13  775.72 1538.83 4815.14
 2194.94 2039.73 1295.73 1246.35  698.98  910.53  571.73 1218.71   61.52
  559.77  875.65 1957.43  612.96  372.05  459.49  208.63  264.79 1023.3
  643.93   53.    495.3    96.38  136.41  289.54  138.55 1501.38 1128.52
   93.24  591.97  992.48 1070.96  572.46  145.09 1184.2   672.09  737.78
 1347.43  238.53 4594.05  245.77  630.03  480.45 1202.1  4006.97  456.16
  295.05  922.37 1731.34  191.47 1682.13 1267.64  408.01  206.57  484.42
 2866.79 1310.    400.12  179.04  903.7  3815.44 1365.81  641.3  2525.67
 2663.11  388.96  731.49  485.87 2938.87   27.41  514.44  304.24  331.34
 2148.8  4156.63 1588.84  244.05 1073.38 1296.57 2032.35  112.28 1764.38
  963.99 3506.46 4448.53   11.91  312.27  951.5  3480.79  651.61  535.89
 1211.32 1856.26 2880.41 3393.3  1193.15 1979.73  189.6   952.11 2158.43
  276.61 1863.21  915.04 2197.53 2947.91  313.09 1171.18 3187.82  672.87
  351.61 2143.94 1783.88 1805.98 5221.66 2000.47 4409.04 4006.75  942.68
  473.2  1817.12 2811.74 1925.42 2535.55  852.92  402.3  4069.38 2468.75
 4685.9  1592.47 2908.66 1076.98 3718.13 1169.55 2970.39  965.69 1841.59
   77.18  513.03 4559.75  173.95 2292.97 2729.8  3741.75 1605.98 1149.22
  612.45  399.26 4220.51  609.85 1636.19  319.5   245.97 1994.01   74.41
  591.8   769.55 1462.7  1075.62 2081.35 1898.05 1263.01  618.53 2330.05
  207.56 1070.63 2999.63 2618.67  740.33 1159.94 1403.37 1056.84 2378.11
 2141.38 2545.67 3802.56 2197.15 1858.67 3247.14 1208.46 1443.34  869.13
 1052.11  712.5  1323.48 1153.4  2472.24 1125.41 1795.27 5656.77 1791.55
 5471.22 2608.89  338.44 1789.94 2398.86 1010.41  473.52 2050.55 2144.54
  272.65 3426.68 6027.7   554.04  433.23 3585.29 1308.66 2283.78  536.55
 2208.76 1393.68 2322.79 2009.59 1517.93 3907.53 2789.32 2171.    224.09
  479.6  3709.43 3247.37 3442.91 3404.2  4022.05 1963.7  4293.24 1985.67
   57.67  671.61  899.94 2277.11 3795.57  792.48  378.24 2752.09 1657.96
  773.07  807.29  213.78 5097.81 1583.48 2726.   2699.61 2025.55 1237.43
 2028.48 1033.65 2641.55 1913.37  397.92  507.94 3467.1  5482.19 2250.85
 1062.69 1312.8  1606.9  1118.54  319.87 2399.66 1135.12 4124.43 1356.53
  174.99 4174.34 3033.28  477.39 1860.06  850.38   88.39 1570.75 5324.04
 2422.01 1293.61 3051.01  754.1  1264.71  782.34 3572.17 2950.08 2121.57
  811.12 2048.16 2716.22  821.38 3103.25 2200.22  185.19 4376.87  403.51
 1084.82  885.21  399.66 2385.1  3819.    498.15 1476.66  457.78 3009.73
  214.7  3801.78 2833.43 5290.83  749.4  3577.36  789.83 1662.84 1001.31
 1282.5   574.37  757.34  620.73 1231.2  3472.32 1254.45 2614.43 2445.09
  833.36  462.14  321.08 2388.51 1264.45  241.36  553.6  1038.18  290.07
  148.14 1738.29  498.84 2495.33 1456.29  545.13  519.03 2724.51 2327.81
 1524.12 1308.82  628.68 2330.15 1579.53 1806.37  793.91 3524.47   10.26
 2730.42 2181.42 1622.69  768.77   72.18  533.54 3395.25  459.92  265.69
  171.24  608.9  3914.    987.1  2284.54 1879.87  184.48 1849.1  3282.
 3787.51 1841.1   728.89  818.11 3100.14  945.1  3238.83  460.51 1115.73
 2344.04 1140.85 1779.08 3176.85 3125.79 2165.77  673.95  160.84 1366.39
 4725.51  542.91 2433.07 4860.84  631.48 1687.55  351.11 1673.94  513.46
  124.35 3299.   1678.4  2380.4  4049.43  702.13  560.43 4025.41 2254.43
  433.11  533.9  1997.56 1243.77  710.22 1765.69 3103.06 3293.77   71.09
 1156.61 1037.61 4147.21 1716.3  1010.76 2591.71 1677.63  430.1  5286.98
   95.22  734.63  719.49  729.24 4270.37 2988.98 2896.69 3179.93 3059.36
 3284.78  527.36   40.65 2128.19  333.93  519.97 1946.   3452.12  370.96
 3062.    800.18 3385.59  462.77 2446.06 1682.07 1009.41 1296.03  233.69
 2164.84 1769.65 1202.32 3816.06  720.93 1380.38  341.66 3313.42 3352.78
   74.24  695.88 4498.59 1833.01  485.07 2204.81 2330.13  579.09  814.47
  814.14 3346.88 3552.92 2354.75 4874.04  478.13 1579.37  108.52 1052.96
 2686.69 1545.26  437.42 3817.78 3578.62 5376.49 4316.13  913.71  957.09
 2441.54 4096.4  1028.15 3405.66 2020.25  635.55 2254.64 2171.14  632.33
  945.38  581.29  829.39 3373.62 2129.25 1743.56 4064.35 1733.49 2330.42
 1835.03 6182.86 2443.14 1583.17 4305.61 2469.53 2852.65  266.32 2943.45
 2393.54 2185.88  380.55 3307.37]",0.0,Remaining outstanding principal for total amount funded
37,out_prncp_inv,778,"[   0.    208.12 2506.9   382.92  475.38  648.56 1790.66 1888.87  138.32
 1243.6  1078.44  336.9  1887.07  274.01 4678.9  2542.42 2865.83 1928.85
 2245.   1742.23 1690.01  718.03 1461.01 1299.89  588.92 4977.37 1856.95
  557.72 1309.67 2158.97 6306.96  804.39 2324.29 1262.94 1683.56 1855.22
 1440.65 2674.64 2141.03  120.35 1933.85 1664.64  732.72  797.77 1146.07
  410.02  544.27 5214.11 2233.28  304.42 2190.64  592.93  111.26 1292.71
 1921.26 4132.39 1292.67 2847.01 1974.23  501.76  873.6  2410.09 2016.74
  590.78  815.07 2903.85  328.7   682.66 1621.32 1631.77 2116.44  739.53
 1662.57 2305.7  1880.44  218.05 1800.74 5318.21  883.63 1279.63 1546.95
 2642.15 1031.95 3449.06  835.37 1526.05 3547.11  530.28  561.02 1074.97
 5200.49 2604.48 3236.13 2300.19 1119.81 1085.45 4401.82 2340.01 2948.3
 3265.96   88.43 2023.9  3179.29  173.55  406.9  2260.92 1828.12 1888.84
 2535.68 4821.31  459.55  187.6  5340.    569.25 1597.65 3048.41 2758.07
 1972.6  2568.51  718.13  564.35 2506.03  315.5  1028.29 1110.37 1082.13
  965.81  620.78  454.49 1124.11  348.33 1001.9  2432.35  399.19  544.05
  652.04  352.6  6183.55 2166.81 1298.97 1275.29 3171.55 1143.7  1734.3
 1740.86 2432.96  911.8  4309.18 2390.07  754.54 1258.89 2995.89 1960.28
 5490.96 2706.98 3571.55  488.94 1545.01 1891.19 1177.64  156.85 1311.75
  427.87 1974.48 1748.36 1588.87 3395.31 1319.43  457.28  726.12 2656.68
 2265.77 3263.74 1283.1   536.32  332.47 1091.33 1674.56 1799.71 1496.24
 1795.78 6219.16 3464.73  436.18 1049.49  524.06 1061.32  627.03   72.11
  858.69 4410.54  124.42  602.21 3019.96 1883.68  803.17  761.1   219.59
 5931.27 1793.88 5933.04  361.63   80.19  500.02  909.53  745.54 2065.43
 1107.66 2800.25 1979.23  764.24 1348.25 4558.06 3417.78  792.89  830.23
   13.28  327.64 3206.02  990.63 4495.17  584.28 1035.62  605.84 1138.05
  178.23 2504.4  2583.95  290.68 1948.04 2590.22  582.48  330.8    65.83
 1104.68 3373.38  720.78 3242.49 3709.04 2189.98 1135.23 1478.32  651.3
  774.94  753.26  882.27   19.09 1558.03 1096.95 2936.33 2977.79 1978.94
 1466.98  113.96  195.99 1943.94 3298.03 2427.28 3111.53  491.24 1102.82
 2989.89 2598.98 1634.83  749.32  827.13  749.87 1496.18 4777.7  2194.94
 2026.81 1277.97 1244.27  698.98  908.2   571.05 1214.16   61.05  559.77
  875.65 1951.18  610.88  366.77  458.87  208.63  264.16 1021.95  643.93
   53.    495.3    96.38  136.41  284.27  138.55 1501.38 1128.52   93.24
  591.97  992.48 1054.65  571.26  145.09 1184.2   672.09  737.78 1323.6
  238.53 4594.05  245.77  628.79  479.83 1202.1  4006.97  456.16  295.05
  922.37 1725.16  191.47 1682.13 1267.64  407.4   205.1   484.42 2838.44
 1307.36  400.12  179.04  903.7  3792.37 1333.69  609.92 2525.67 2663.11
  388.96  720.35  485.87 2935.7    27.41  513.17  298.23  331.34 2145.16
 4147.88 1588.84  244.05 1073.38 1296.57 2005.61  112.28 1764.38  962.61
 3502.02 4444.15   11.91  312.27  951.5  3444.88  651.61  535.89 1211.32
 1856.26 2877.69 3393.3  1168.21 1979.73  189.6   952.11 2158.43  267.88
 1863.21  897.32 2173.46 2944.2   307.62 1149.86 3182.12  672.87  335.07
 2110.73 1781.96 1803.94 5135.82 1998.2  4409.04 4003.34  940.35  473.2
 1817.12 2811.74 1920.62 2535.55  852.92  402.3  4069.38 2468.75 4682.1
 1592.47 2904.73 1076.98 3712.72 1169.55 2966.01  941.86 1838.44   77.18
  512.36 4543.38  173.95 2257.61 2727.85 3741.75 1605.98 1147.49  612.45
  399.26 4216.2   609.85 1632.71  319.5   245.97 1994.01   74.41  591.8
  769.55 1462.7  1074.4  2081.35 1884.38 1263.01  618.53 2330.05  207.56
 1054.95 2995.85 2618.67  740.33 1157.37 1374.27 1056.84 2376.01 2141.38
 2545.67 3802.56 2197.15 1858.67 3243.04 1208.46 1441.3   851.74 1052.11
  712.5  1323.48 1134.36 2472.24 1103.78 1795.27 5652.31 1789.23 5451.63
 2608.89  338.44 1789.94 2398.86 1010.41  442.17 2046.62 2144.54  272.65
 3422.81 6027.7   552.76  427.72 3585.29 1308.66 2281.85  536.55 2197.52
 1388.76 2319.54 2009.59 1491.02 3868.42 2785.39 2123.9   218.81  453.67
 3672.33 3247.37 3438.59 3375.93 4017.78 1931.42 4241.9  1985.67   57.67
  668.31  899.94 2274.26 3791.22  781.33  375.68 2752.09 1637.65  773.07
  807.29  213.78 5097.81 1583.48 2685.52 2660.5  2025.55 1236.11 1908.06
  946.32 2641.55 1913.37  391.55  507.94 3467.1  5482.19 2250.85 1061.41
 1312.8  1606.9  1118.54  318.66 2395.9  1113.36 4116.84 1356.53  174.99
 4163.06 3033.28  471.68 1860.06  841.07   88.39 1570.75 5320.17 2422.01
 1293.61 3047.87  752.68 1264.71  782.34 3567.34 2950.08 2118.22  778.56
 2044.22 2716.22  819.6  3098.08 2196.49  185.19 4376.87  398.04 1076.76
  882.67  399.66 2382.01 3791.7   498.15 1476.66  457.78 3009.73  213.96
 3791.59 2827.78 5249.24  749.4  3573.71  789.83 1659.44 1000.06 1282.5
  568.72  757.34  620.73 1228.61 3468.12 1232.19 2614.43 2445.09  832.05
  462.14  321.08 2388.51 1239.76  241.36  553.6  1015.51  290.07  148.14
 1738.29  498.84 2491.13 1429.39  545.13  519.03 2724.51 2324.1  1500.18
 1281.53  626.41 2291.64 1579.53 1699.39  793.91 3520.75   10.26 2692.14
 2177.03 1599.17  766.29   72.18  532.3  3364.17  458.11  265.69  171.24
  608.28 3914.    983.33 1231.64 1877.03  184.48 1844.43 3277.36 3757.87
 1841.1   698.81  801.22 3100.14  943.34 3238.83  459.29  398.11 2344.04
 1120.57 1779.08 3176.85 3120.68 2165.77  673.95  160.84 1366.39 4725.51
  538.82 2433.07 4855.89  625.13 1687.55  351.11 1670.67 2277.11  512.38
  124.35 3290.59 1678.4  2380.4  4044.6   702.13  560.43 4022.35 2254.43
  432.42  523.19 1947.94 1243.77  710.22 1731.07 3100.47 3289.97   71.09
 1156.61 1037.61 4147.21 1716.3  1010.76 2572.7  1677.63  430.1  5283.19
   95.22  734.63  718.21  729.24 4266.62 2981.46 2896.69 3153.63 3059.36
 3284.78  526.22   40.65 2128.19  333.93  519.97 1946.   3452.12  370.96
 3062.    798.96 3385.59  446.69 2446.06 1682.07 1008.06 1296.03  233.69
 2164.84 1742.35 1202.32 3816.06  720.93 1380.38  341.66 3310.6  3352.78
   74.24  695.88 4466.47 1833.01  485.07 2204.81 2294.76  579.09  814.47
  812.33 3307.03 3552.92 2354.75 4816.58  478.13 1579.37  108.52 1052.96
 2686.69 1545.26  437.42 3790.49 3569.68 5371.96 4312.74  913.71  957.09
 2437.99 4096.4  1022.19 3401.74 2020.25  633.92 2254.64 2171.14  631.57
  945.38  581.29  829.39 3343.19 2119.21 1716.13 4064.35 1733.49 2330.42
 1835.03 6182.86 2438.94 1580.11 4301.26 2466.05 2852.65  266.32 2903.17
 2393.54 2185.88  380.55 3307.37]",0.0,Remaining outstanding principal for portion of total amount funded by investors
38,total_pymnt,26709,"[ 3526.993845  2998.753489  3094.987421 ...  3232.782047  7637.437711
 10292.86    ]",0.0,Payments received to date for total amount funded
39,total_pymnt_inv,26524,[ 3466.47   416.45  3094.99 ...  3232.78  7637.44 10278.89],0.0,Payments received to date for portion of total amount funded by investors
40,total_rec_prncp,5840,[ 2750.    2500.    3000.   ... 17692.62  3493.91  5613.19],0.0,Principal received to date
41,total_rec_int,25229,[ 776.99  498.75   94.99 ... 1038.62 1637.44 3919.84],0.0,Interest received to date
42,total_rec_late_fee,928,"[0.00000000e+00 3.53800000e+01 1.50000000e+01 1.50000000e+01
 1.63700000e+01 1.50000000e+01 1.50000000e+01 3.66492118e+01
 1.50000000e+01 1.49913253e+01 2.02779946e+01 5.16663402e+01
 1.49954058e+01 3.00000000e+01 2.67500002e+01 1.50000001e+01
 1.50000000e+01 3.75048753e+01 3.79700002e+01 1.54895053e+01
 6.00000000e+01 8.08200002e+01 2.18999999e+01 1.49164512e+01
 1.54299999e+01 1.84205000e+01 1.50000001e+01 5.98555713e+01
 4.48044438e+01 1.49213498e+01 3.62469982e+01 2.06399999e+01
 2.39600000e+01 2.31282925e+01 2.99216349e+01 1.49632958e+01
 1.48859460e+01 1.49813958e+01 6.34002032e+01 1.89712206e+01
 2.27500000e+01 1.89900000e+01 1.79621113e+01 4.48658128e+01
 1.49397445e+01 4.50000000e+01 2.99817344e+01 2.70905077e+01
 1.54800000e+01 1.70000000e+01 1.49859813e+01 2.83800000e+01
 1.49688474e+01 1.50000000e+01 4.83627415e+01 2.06792684e+01
 1.49050805e+01 1.49192308e+01 1.49616026e+01 1.49901204e+01
 2.88021984e+01 1.49905720e+01 1.49873770e+01 1.49774985e+01
 1.49481829e+01 1.49720550e+01 4.50000001e+01 4.11860984e+01
 1.50000001e+01 2.86700000e+01 1.49453435e+01 4.29980001e+01
 1.49900381e+01 1.04560000e+02 2.99532033e+01 2.52822401e+01
 1.50000000e+01 2.49767744e+01 1.49852663e+01 1.80789022e+01
 1.49749559e+01 1.72000001e+01 4.13800002e+01 4.49999999e+01
 2.76200000e+01 1.58100000e+01 1.49882735e+01 1.49841245e+01
 1.76774982e+01 1.50000000e+01 1.92954852e+01 2.12700000e+01
 3.58400000e+01 1.91246341e+01 1.49845361e+01 2.39872876e+01
 1.53600000e+01 2.33783391e+01 1.64065000e+01 3.02400000e+01
 1.49042553e+01 2.81082062e+01 3.00000000e+01 1.51192563e+01
 3.55100001e+01 5.47089862e+01 6.19200002e+01 1.49249950e+01
 2.97800000e+01 1.76900000e+01 9.44800000e+01 1.49232353e+01
 1.49870928e+01 3.93000000e+01 3.00000000e+01 8.70000001e+01
 2.99960750e+01 6.69080786e+01 2.99651952e+01 1.30470000e+02
 2.98954546e+01 1.50000001e+01 1.51700000e+01 1.77000000e+01
 2.55103273e+01 1.21930000e+02 1.49029196e+01 1.49977146e+01
 2.99111003e+01 3.11085000e+01 2.59800001e+01 1.49229919e+01
 1.78399999e+01 3.00000000e+01 4.49999999e+01 3.73514990e+01
 3.39599999e+01 1.49825706e+01 4.50000000e+01 1.72360125e+01
 5.01400003e+01 6.00000001e+01 1.49545213e+01 1.69600000e+01
 4.50000000e+01 2.99339684e+01 5.56802908e+01 8.67667042e+01
 1.49841025e+01 4.49491348e+01 4.43300000e+01 1.49790584e+01
 2.99764736e+01 1.05000000e+02 4.49409507e+01 1.01704562e-01
 3.40767738e+01 1.49845917e+01 3.01719515e+01 2.86441740e+01
 1.46450000e+01 1.61700000e+01 3.00800001e+01 2.89400001e+01
 3.10000001e+01 2.61202466e+01 5.03324649e+01 2.66740530e+01
 1.49444088e+01 1.53500000e+01 1.49436200e+01 1.49630623e+01
 4.49034175e+01 3.00000000e+01 1.90500000e+01 8.29900000e+01
 1.73000000e+01 1.80466880e+01 1.80899999e+01 1.49660634e+01
 3.40499996e+01 1.47775000e+01 9.94638733e+01 1.49947118e+01
 2.00400000e+01 8.55784977e+01 1.49912360e+01 1.78489955e+01
 1.83400000e+01 1.49905646e+01 3.19000000e+01 1.48523077e+01
 1.92064182e+01 2.99354740e+01 4.49347195e+01 2.63500000e+01
 5.22154823e+01 1.80700000e+01 5.20344392e+01 3.32680078e+01
 1.99900000e+01 1.94415438e+01 1.49779782e+01 1.86743986e+01
 3.00000001e+01 3.17900001e+01 4.49553606e+01 1.70600001e+01
 2.98900000e+01 1.49114541e+01 1.49712307e+01 1.04778826e+02
 1.49776544e+01 3.37599999e+01 1.49919377e+01 5.85000002e+01
 6.00000000e+01 1.49901381e+01 1.49796249e+01 1.49818657e+01
 1.82700000e+01 2.56100000e+01 1.75499999e+01 1.69700000e+01
 1.49752500e+01 4.88715948e+01 7.37500000e+01 2.30641487e+01
 1.67024951e+01 1.54400000e+01 1.94700000e+01 3.78600692e+01
 1.49852071e+01 2.28900000e+01 5.73940225e+01 1.56081108e+01
 1.48731944e+01 1.49721941e+01 2.39809809e+01 1.48959598e+01
 3.00000000e+01 7.37871040e-02 1.49895246e+01 2.35778009e+01
 3.48200000e+01 2.99748961e+01 1.70780142e+01 1.10209647e+02
 1.81800000e+01 1.76100000e+01 1.96463014e+01 2.97509298e+01
 2.20723331e+01 1.80000001e+01 2.99836124e+01 1.49808258e+01
 1.49999999e+01 2.35900000e+01 8.92800000e+01 2.40600001e+01
 1.69000000e+00 2.29700001e+01 2.45599999e+01 3.99799999e+01
 1.66429711e+02 1.74100000e+01 3.89599998e+01 1.92500000e+01
 5.99033942e+01 1.49818787e+01 3.49788682e+01 3.36865850e+01
 3.07300000e+01 1.78400000e+01 1.49795222e+01 5.77546812e+01
 3.71144993e+01 3.35700000e+01 2.91050853e+01 1.49577147e+01
 2.99146616e+01 1.49759006e+01 1.64200000e+01 1.49836262e+01
 1.72090030e+01 1.49492638e+01 1.50000001e+01 1.93100000e+01
 3.02036553e-01 1.48691234e+01 1.49514039e+01 1.49561564e+01
 1.56700000e+01 1.49922827e+01 1.49083535e+01 2.99775197e+01
 4.48353415e+01 7.34299366e+01 2.99928792e+01 3.70887158e+01
 2.54400000e+01 2.82000000e+01 1.48858651e+01 6.24369938e+01
 1.85600000e+01 2.36000000e+01 4.50000002e+01 1.49734339e+01
 1.78100000e+01 1.49629645e+01 4.50000000e+01 1.58509902e+01
 1.49356736e+01 2.06300000e+01 2.54300000e+01 5.83000002e+01
 2.05324950e+01 2.19326841e+01 1.49755607e+01 1.49780749e+01
 8.76300001e+01 3.97894739e+01 1.49209297e+01 4.69600000e+01
 1.49410846e+01 1.81625776e+01 1.49213932e+01 1.49815962e+01
 1.62300000e+01 2.80100000e+01 1.49676066e+01 9.11400000e+01
 2.51600000e+01 3.45857356e+01 2.61560062e+01 3.26200000e+01
 1.72600000e+01 3.00000001e+01 1.49782193e+01 2.99088248e+01
 5.81744002e+01 1.49897722e+01 1.82600000e+01 2.62400001e+01
 3.41000000e+01 2.99505748e+01 1.49594794e+01 2.99382632e+01
 4.50000000e+01 2.87553642e+01 3.09704782e+01 1.49781871e+01
 5.85602803e+01 1.64992671e+01 3.30500000e+01 4.15847683e+01
 4.50000001e+01 4.73299998e+01 4.53717073e+01 5.28399996e+01
 1.49338296e+01 3.63800000e+01 2.99999999e+01 1.49569536e+01
 7.48799998e+01 3.36899998e+01 4.49931644e+01 1.49393923e+01
 4.90999999e+01 1.49447514e+01 1.66600000e+01 1.73499999e+01
 2.99417350e+01 4.48935197e+01 1.49997247e+01 1.49578512e+01
 1.49733006e+01 3.43400001e+01 1.49751710e+01 1.74273139e+01
 1.46040000e+02 1.49396938e+01 3.77513802e+01 1.72574989e+01
 3.69200001e+01 1.00000000e-02 1.56900000e+01 3.04200001e+01
 1.49857153e+01 1.49437500e+01 1.49845716e+01 2.55300000e+01
 1.49320997e+01 1.48965730e+01 4.48354202e+01 4.49057547e+01
 3.37300000e+01 1.49552556e+01 6.02526114e+01 2.40900000e+01
 2.38200001e+01 9.23000002e+01 3.07100001e+01 1.49871317e+01
 1.79949958e+01 3.40999965e+01 1.49433428e+01 6.76063865e+01
 2.13709986e+01 1.48430769e+01 2.70000000e-01 4.16300000e+01
 4.62706803e+01 3.28216668e+01 2.30000001e+01 1.49653994e+01
 2.99999999e+01 3.04809340e+01 1.49940500e+01 1.49274128e+01
 3.89935102e+01 7.01230885e+01 2.73300000e+01 1.49659485e+01
 2.99999999e+01 1.50000001e+01 2.56507287e+01 1.49873720e+01
 1.19070000e+02 3.54112196e+01 2.49200000e+01 4.49930081e+01
 1.81999999e+01 2.82600000e+01 1.49667735e+01 1.60100000e+01
 1.49721247e+01 2.95048037e+01 2.69754415e+01 1.83674957e+01
 7.45900000e+01 4.56600000e+01 1.49356931e+01 1.49992008e+01
 1.58100000e+01 1.67770738e+01 1.49385566e+01 1.49955634e+01
 1.49729597e+01 1.49909091e+01 1.57565875e+01 1.49462165e+01
 4.26869944e+01 1.54300000e+01 3.39200000e+01 2.23999999e+01
 3.11585000e+01 1.49531712e+01 1.69387596e+01 1.49938541e+01
 4.49727753e+01 4.48193678e+01 1.96907288e+01 1.49302027e+01
 2.08068293e+01 1.49846134e+01 3.05000000e+01 1.62070008e+01
 1.49999999e+01 2.26800000e+01 1.20000000e+02 1.49969910e+01
 1.49867468e+01 2.10900000e+01 3.34700000e+01 2.03399999e+01
 1.87800000e+01 1.20810000e+02 1.88294999e+01 1.49599759e+01
 1.49286281e+01 1.49847993e+01 1.49160556e+01 4.69399997e+01
 2.79700000e+01 1.48965080e+01 1.77000000e+01 5.20600002e+01
 1.49545527e+01 2.62662612e+01 1.49655981e+01 1.49821641e+01
 1.49727609e+01 3.42136135e+01 8.73733531e+01 6.39000000e+01
 2.52100000e+01 2.29339031e+01 4.03199997e+01 1.67300000e+01
 7.49620738e+01 1.64900000e+01 4.36405040e+01 8.26970873e+01
 5.22622267e+01 1.49256829e+01 1.49944633e+01 1.65095015e+01
 1.65800000e+01 1.72827188e+01 1.49847230e+01 1.49653798e+01
 1.49597681e+01 1.88700000e+01 4.04500001e+01 5.99424468e+01
 2.41600001e+01 1.99624096e+01 1.49974800e+01 2.96299999e+01
 1.49983166e+01 2.33300001e+01 2.99249651e+01 1.72300000e+01
 1.49797879e+01 3.00000001e+01 2.09799999e+01 4.76578813e+01
 1.78900000e+01 1.49236027e+01 1.56400000e+01 5.67599999e+01
 3.02599999e+01 3.81600000e+01 4.28699997e+01 1.56265862e+01
 5.97999997e+01 4.83900000e+01 7.49685034e+01 4.28700001e+01
 9.07709902e+01 1.49773350e+01 3.13400000e+01 3.17400000e+01
 3.00000000e+01 1.85083160e+01 2.39799999e+01 1.48382699e+01
 4.48803659e+01 5.25200002e+01 4.49982424e+01 2.58200000e+01
 1.99800000e+01 3.27846357e+01 2.99938877e+01 6.05099997e+01
 2.67423138e+01 2.98710309e+01 2.46800001e+01 1.49240000e+01
 1.49841003e+01 4.30800000e+01 1.05500000e+02 1.49772140e+01
 2.99688514e+01 1.49709787e+01 2.54290252e+01 3.65399996e+01
 3.01700001e+01 1.69500000e+01 1.49777102e+01 2.11449968e+01
 2.99499305e+01 4.49122137e+01 5.67300001e+01 5.61399998e+01
 1.59046404e+01 2.99246620e+01 1.49806327e+01 1.99121868e+01
 1.04290000e+02 1.49584390e+01 1.49535767e+01 1.49765214e+01
 1.48798101e+01 2.50300000e+01 1.49465934e+01 1.49647231e+01
 1.49596611e+01 3.83000000e+01 6.12470926e+01 3.81900001e+01
 1.86600000e+01 3.00000001e+01 1.49928043e+01 2.58200002e+01
 2.99355985e+01 2.47300001e+01 2.98668255e+01 1.49846136e+01
 3.41772501e+01 7.19600000e+01 1.49501159e+01 1.80623777e+01
 2.34600001e+01 1.49647395e+01 5.99550411e+01 3.70729347e+01
 1.49783416e+01 2.65600001e+01 2.38734103e+01 1.49999999e+01
 3.73235036e+01 2.06524987e+01 1.71373784e+01 3.73299998e+01
 2.88358160e+01 1.49402033e+01 2.99729670e+01 3.06900001e+01
 1.49767853e+01 2.39299998e+01 2.34700000e+01 1.98046183e+01
 2.48100000e+01 1.76410123e+01 1.49689711e+01 4.48751684e+01
 1.49999999e+01 1.49732858e+01 4.69460003e+01 2.97597569e+01
 2.41100002e+01 1.70700001e+01 7.34100003e+01 1.57900000e+01
 2.99583084e+01 2.35982735e+01 3.33166609e+01 5.81499996e+01
 4.49512793e+01 3.13700000e+01 2.84784574e+01 1.49336823e+01
 6.68812439e+01 1.49614016e+01 2.99999998e+01 1.48558589e+01
 4.48400000e+01 1.67800000e+01 1.50978977e+01 1.64800000e+01
 4.44299998e+01 2.52300001e+01 1.71700000e+01 4.47137208e+01
 1.56743549e+01 2.99585187e+01 3.24147424e+01 4.50000001e+01
 5.39799999e+01 2.64900000e+01 1.49689857e+01 2.28031764e+01
 1.75900000e+01 1.49132948e+01 2.98848423e+01 2.52600001e+01
 1.99400000e+01 2.71845390e+01 2.47267189e+01 4.11854988e+01
 6.00000002e+01 1.49896132e+01 1.49815252e+01 1.49662553e+01
 3.46003812e+01 8.63800000e+01 1.49422111e+01 3.93949638e+01
 3.49070405e+01 1.61300000e+01 8.59510064e+01 2.99449754e+01
 2.42161011e+01 4.49999999e+01 2.49140000e+01 2.32300001e+01
 8.60977152e+01 1.61250894e+01 1.49418459e+01 5.99216088e+01
 1.92100000e+01 1.83060964e+01 2.99169231e+01 4.21759541e+01
 4.75240469e+01 1.49177438e+01 6.85676386e+01 4.22500000e+01
 9.81080016e+01 1.71100000e+01 2.99174747e+01 1.49370163e+01
 5.02600000e+01 3.84774438e+01 1.49008051e+01 1.49674949e+01
 2.12500000e+01 6.70606729e+01 2.77200000e+01 8.67400010e+01
 1.98900000e+01 6.25600000e+01 2.11800000e+01 3.13319974e+01
 9.00000000e+01 7.90268292e+01 1.80200000e+02 1.49146600e+01
 4.37300000e+01 2.55299999e+01 1.49773980e+01 2.09475040e+01
 2.99999999e+01 1.49785327e+01 1.51225536e+01 1.86566250e+01
 1.49954242e+01 5.97810000e+01 3.34945085e+01 1.79141451e+01
 2.99776241e+01 1.49639205e+01 3.92400000e+01 1.71107309e+01
 1.49768117e+01 3.36600000e+01 1.49882445e+01 2.64000001e+01
 4.91400001e+01 3.00000000e+01 7.48446417e+01 7.14483698e+01
 3.00000001e+01 2.99064347e+01 3.01600000e+01 1.49363913e+01
 1.63800000e+01 1.11259999e+02 3.81910068e+01 9.68172177e+01
 1.49869376e+01 1.30597037e+02 1.49458926e+01 2.99637709e+01
 2.53100001e+01 5.98789686e+01 4.35200000e+01 1.49830339e+01
 2.99557755e+01 2.99550187e+01 1.66500000e+01 3.25600000e+01
 1.56400000e+01 1.49971596e+01 2.99568921e+01 4.49753111e+01
 2.99644102e+01 3.38995140e+01 1.49605904e+01 1.49182613e+01
 1.49622608e+01 1.49736964e+01 1.49862078e+01 1.48850310e+01
 1.54700000e+01 2.47300000e+01 1.60292651e+01 6.59000002e+01
 2.66600000e+01 3.60090003e+01 1.71070147e+01 2.75100000e+01
 9.22248629e+01 1.49976124e+01 3.05699999e+01 4.09021380e+01
 4.03399999e+01 1.49770603e+01 4.01270221e+01 1.49253486e+01
 2.99384753e+01 1.49797801e+01 1.49818665e+01 1.53300000e+01
 3.61187458e+01 4.23694964e+01 1.49927707e+01 4.49999999e+01
 2.99727118e+01 7.49972880e+01 3.02744249e+01 6.89800000e+01
 1.46600000e+02 2.06700000e+01 3.90394235e+01 1.49395696e+01
 1.89500001e+01 2.99180084e+01 2.64654961e+01 2.99341332e+01
 1.49561795e+01 1.49880514e+01 1.49714068e+01 1.49999999e+01
 7.49906322e+01 1.48977162e+01 1.49631593e+01 1.80082904e-01
 1.49755091e+01 3.14000000e+01 3.47400001e+01 1.20000000e+02
 4.49391822e+01 1.49836074e+01 4.15200002e+01 1.49975474e+01
 2.99127204e+01 9.38400000e+01 1.49696012e+01 1.49080940e+01
 2.23900000e+01 4.69800000e+01 2.99339041e+01 3.88900001e+01
 4.48218894e+01 3.92599999e+01 2.47300001e+01 1.49762367e+01
 1.49636310e+01 2.86700000e+01 4.50000001e+01 1.49626264e+01
 2.99865179e+01 6.00000001e+01 2.69652462e+01 3.08529573e+01
 1.53200000e+01 2.61315037e+01 3.10319262e+01 2.99751514e+01
 2.32624000e+01 4.99599996e+01 4.44300000e+01 1.68200000e+01
 1.49986375e+01 1.00000000e+00 1.49941600e+01 4.13319491e+01
 2.58525000e+01 2.32872640e+01 2.54300001e+01 1.49573633e+01
 2.05000000e+01 3.87668836e+01 2.93700041e+01 2.99728540e+01
 2.96300000e+01 3.33804555e+01 3.33000000e+01 8.61200000e+01
 5.83638788e+01 9.03200002e+01 1.49554993e+01 1.49924286e+01
 1.49474080e+01 2.49400000e+01 2.26971661e+01 1.49308362e+01
 5.99999999e+01 2.29841699e+01 2.55300001e+01 3.24100000e+01
 3.12195122e+01 1.69800000e+01 1.74400000e+01 8.27800000e+01
 1.73785312e+01 1.49727906e+01 3.35230109e+01 3.08900172e+01
 2.63600001e+01 7.96400000e+01 1.49642976e+01 6.82800000e+01
 2.47600001e+01 2.70600002e+01 4.41000000e+00 8.29400000e+01
 2.30495092e+01 6.00000000e+01 1.49834159e+01 2.99513406e+01
 1.81709947e+01 2.57345454e+01 1.83600000e+01 4.47235950e+01
 2.99482867e+01 3.31100000e+01 1.58770027e+01 1.56100001e+01
 1.49303837e+01 1.49340000e+01 2.99707253e+01 1.48830000e+01
 5.99900314e+01 1.49654587e+01 2.17300000e+01 4.90600000e+01
 2.49300000e+01 2.11334944e+01 3.19980810e+01 1.76800000e+01
 4.50000001e+01 1.52600001e+01 1.49533266e+01 3.52868325e+01]",0.0,Late fees received to date
43,recoveries,2859,[  0.   104.43 574.17 ...  60.96 105.47 759.83],0.0,post charge off gross recovery
44,collection_recovery_fee,1964,[ 0.      1.23   91.5678 ...  0.69    1.0547  7.5983],0.0,post charge off collection fee
45,last_pymnt_d,101,"['2012-02-01T00:00:00.000000000' '2011-08-01T00:00:00.000000000'
 '2011-04-01T00:00:00.000000000' '2012-05-01T00:00:00.000000000'
 '2014-08-01T00:00:00.000000000' '2014-01-01T00:00:00.000000000'
 '2013-01-01T00:00:00.000000000' '2016-05-01T00:00:00.000000000'
 '2014-09-01T00:00:00.000000000' '2013-09-01T00:00:00.000000000'
 '2014-10-01T00:00:00.000000000' '2011-06-01T00:00:00.000000000'
 '2013-06-01T00:00:00.000000000' '2012-08-01T00:00:00.000000000'
 '2013-04-01T00:00:00.000000000' '2014-07-01T00:00:00.000000000'
 '2012-11-01T00:00:00.000000000' '2012-04-01T00:00:00.000000000'
 '2011-10-01T00:00:00.000000000' '2013-07-01T00:00:00.000000000'
 '2014-05-01T00:00:00.000000000' '2012-01-01T00:00:00.000000000'
 '2015-12-01T00:00:00.000000000' '2014-02-01T00:00:00.000000000'
 '2014-12-01T00:00:00.000000000' '2012-03-01T00:00:00.000000000'
 '2013-03-01T00:00:00.000000000' '2012-07-01T00:00:00.000000000'
 '2015-08-01T00:00:00.000000000' '2010-11-01T00:00:00.000000000'
 '2014-03-01T00:00:00.000000000' '2011-09-01T00:00:00.000000000'
 '2014-06-01T00:00:00.000000000' '2013-11-01T00:00:00.000000000'
 '2015-11-01T00:00:00.000000000' '2012-10-01T00:00:00.000000000'
 '2013-12-01T00:00:00.000000000' '2015-10-01T00:00:00.000000000'
 '2011-07-01T00:00:00.000000000' '2013-02-01T00:00:00.000000000'
 '2015-09-01T00:00:00.000000000' '2013-08-01T00:00:00.000000000'
 '2012-12-01T00:00:00.000000000' '2015-01-01T00:00:00.000000000'
 '2010-04-01T00:00:00.000000000' '2011-05-01T00:00:00.000000000'
 '2010-02-01T00:00:00.000000000' '2010-06-01T00:00:00.000000000'
 '2012-06-01T00:00:00.000000000' '2013-05-01T00:00:00.000000000'
 '2010-12-01T00:00:00.000000000' '2008-07-01T00:00:00.000000000'
 '2016-04-01T00:00:00.000000000' '2011-01-01T00:00:00.000000000'
 '2009-06-01T00:00:00.000000000' '2011-11-01T00:00:00.000000000'
 '2016-03-01T00:00:00.000000000' '2011-03-01T00:00:00.000000000'
 '2009-05-01T00:00:00.000000000' '2015-04-01T00:00:00.000000000'
 '2013-10-01T00:00:00.000000000' '2010-05-01T00:00:00.000000000'
 '2011-12-01T00:00:00.000000000' '2011-02-01T00:00:00.000000000'
 '2014-11-01T00:00:00.000000000' '2012-09-01T00:00:00.000000000'
 '2015-07-01T00:00:00.000000000' '2014-04-01T00:00:00.000000000'
 '2010-08-01T00:00:00.000000000' '2010-03-01T00:00:00.000000000'
 '2015-03-01T00:00:00.000000000' '2009-09-01T00:00:00.000000000'
 '2008-05-01T00:00:00.000000000' '2015-05-01T00:00:00.000000000'
 '2010-07-01T00:00:00.000000000' '2015-02-01T00:00:00.000000000'
 '2009-10-01T00:00:00.000000000' '2010-10-01T00:00:00.000000000'
 '2015-06-01T00:00:00.000000000' '2016-01-01T00:00:00.000000000'
 '2009-11-01T00:00:00.000000000' '2010-01-01T00:00:00.000000000'
                           'NaT' '2009-02-01T00:00:00.000000000'
 '2010-09-01T00:00:00.000000000' '2009-04-01T00:00:00.000000000'
 '2016-02-01T00:00:00.000000000' '2009-03-01T00:00:00.000000000'
 '2008-09-01T00:00:00.000000000' '2009-01-01T00:00:00.000000000'
 '2009-12-01T00:00:00.000000000' '2009-08-01T00:00:00.000000000'
 '2009-07-01T00:00:00.000000000' '2008-04-01T00:00:00.000000000'
 '2008-10-01T00:00:00.000000000' '2008-03-01T00:00:00.000000000'
 '2008-12-01T00:00:00.000000000' '2008-08-01T00:00:00.000000000'
 '2008-06-01T00:00:00.000000000' '2008-11-01T00:00:00.000000000'
 '2008-01-01T00:00:00.000000000']",0.001690586669544261,Last month payment was received
46,last_pymnt_amnt,25228,[ 100.49   83.25 2634.97 ... 2563.72   11.55   50.94],0.0,Last total payment amount received
48,last_credit_pull_d,104,"['2012-01-01T00:00:00.000000000' '2015-09-01T00:00:00.000000000'
 '2014-01-01T00:00:00.000000000' '2012-10-01T00:00:00.000000000'
 '2015-04-01T00:00:00.000000000' '2014-02-01T00:00:00.000000000'
 '2012-12-01T00:00:00.000000000' '2016-05-01T00:00:00.000000000'
 '2016-01-01T00:00:00.000000000' '2015-03-01T00:00:00.000000000'
 '2011-06-01T00:00:00.000000000' '2016-02-01T00:00:00.000000000'
 '2014-04-01T00:00:00.000000000' '2013-04-01T00:00:00.000000000'
 '2014-07-01T00:00:00.000000000' '2012-11-01T00:00:00.000000000'
 '2014-09-01T00:00:00.000000000' '2012-05-01T00:00:00.000000000'
 '2015-05-01T00:00:00.000000000' '2016-04-01T00:00:00.000000000'
 '2014-06-01T00:00:00.000000000' '2013-06-01T00:00:00.000000000'
 '2012-03-01T00:00:00.000000000' '2015-06-01T00:00:00.000000000'
 '2013-09-01T00:00:00.000000000' '2013-08-01T00:00:00.000000000'
 '2013-03-01T00:00:00.000000000' '2013-02-01T00:00:00.000000000'
 '2015-08-01T00:00:00.000000000' '2014-05-01T00:00:00.000000000'
 '2011-05-01T00:00:00.000000000' '2013-11-01T00:00:00.000000000'
 '2015-11-01T00:00:00.000000000' '2016-03-01T00:00:00.000000000'
 '2015-12-01T00:00:00.000000000' '2013-07-01T00:00:00.000000000'
 '2014-12-01T00:00:00.000000000' '2015-01-01T00:00:00.000000000'
 '2010-03-01T00:00:00.000000000' '2011-02-01T00:00:00.000000000'
 '2012-06-01T00:00:00.000000000' '2012-07-01T00:00:00.000000000'
 '2013-12-01T00:00:00.000000000' '2014-08-01T00:00:00.000000000'
 '2008-03-01T00:00:00.000000000' '2011-10-01T00:00:00.000000000'
 '2014-11-01T00:00:00.000000000' '2015-10-01T00:00:00.000000000'
 '2012-04-01T00:00:00.000000000' '2011-03-01T00:00:00.000000000'
 '2010-04-01T00:00:00.000000000' '2013-10-01T00:00:00.000000000'
 '2015-02-01T00:00:00.000000000' '2011-07-01T00:00:00.000000000'
 '2014-10-01T00:00:00.000000000' '2015-07-01T00:00:00.000000000'
 '2011-12-01T00:00:00.000000000' '2010-07-01T00:00:00.000000000'
 '2012-08-01T00:00:00.000000000' '2013-05-01T00:00:00.000000000'
 '2011-08-01T00:00:00.000000000' '2010-02-01T00:00:00.000000000'
 '2010-12-01T00:00:00.000000000' '2009-01-01T00:00:00.000000000'
 '2014-03-01T00:00:00.000000000' '2012-09-01T00:00:00.000000000'
 '2010-06-01T00:00:00.000000000' '2010-10-01T00:00:00.000000000'
 '2011-11-01T00:00:00.000000000' '2012-02-01T00:00:00.000000000'
 '2009-09-01T00:00:00.000000000' '2009-05-01T00:00:00.000000000'
 '2010-01-01T00:00:00.000000000' '2011-01-01T00:00:00.000000000'
 '2011-04-01T00:00:00.000000000' '2010-11-01T00:00:00.000000000'
 '2009-02-01T00:00:00.000000000' '2013-01-01T00:00:00.000000000'
 '2010-08-01T00:00:00.000000000' '2010-09-01T00:00:00.000000000'
 '2010-05-01T00:00:00.000000000' '2008-01-01T00:00:00.000000000'
 '2008-08-01T00:00:00.000000000' '2011-09-01T00:00:00.000000000'
 '2009-04-01T00:00:00.000000000' '2009-10-01T00:00:00.000000000'
 '2009-11-01T00:00:00.000000000' '2007-06-01T00:00:00.000000000'
 '2009-08-01T00:00:00.000000000' '2009-06-01T00:00:00.000000000'
 '2009-03-01T00:00:00.000000000' '2009-12-01T00:00:00.000000000'
 '2007-12-01T00:00:00.000000000' '2008-09-01T00:00:00.000000000'
 '2008-12-01T00:00:00.000000000' '2009-07-01T00:00:00.000000000'
 '2007-08-01T00:00:00.000000000' '2008-10-01T00:00:00.000000000'
 '2008-02-01T00:00:00.000000000' '2008-07-01T00:00:00.000000000'
 '2007-10-01T00:00:00.000000000'                           'NaT'
 '2007-05-01T00:00:00.000000000' '2007-09-01T00:00:00.000000000']",3.5969929139239594e-05,The most recent month LC pulled credit for this loan
105,pub_rec_bankruptcies,4,[ 0.  1. nan  2.],0.017481385561670445,Number of public record bankruptcies
